disp_id;client_id;account_id;type
1;1;1;o
2;2;2;o
3;3;2;d
4;4;3;o
5;5;3;d
6;6;4;o
7;7;5;o
8;8;6;o
9;9;7;o
10;10;8;o
11;11;8;d
12;12;9;o
13;13;10;o
14;14;11;o
15;15;12;o
16;16;12;d
17;17;13;o
18;18;13;d
19;19;14;o
20;20;15;o
21;21;16;o
22;22;17;o
23;23;17;d
24;24;18;o
25;25;19;o
26;26;20;o
27;27;21;o
28;28;22;o
29;29;23;o
30;30;24;o
31;31;25;o
32;32;26;o
33;33;27;o
36;36;29;o
37;37;29;d
38;38;30;o
39;39;31;o
40;40;32;o
41;41;33;o
42;42;34;o
43;43;35;o
44;44;36;o
45;45;37;o
46;46;38;o
47;47;39;o
48;48;40;o
49;49;41;o
50;50;42;o
51;51;43;o
52;52;44;o
53;53;45;o
55;55;47;o
56;56;48;o
57;57;48;d
58;58;49;o
59;59;50;o
60;60;51;o
61;61;52;o
62;62;53;o
63;63;54;o
64;64;55;o
65;65;56;o
66;66;57;o
67;67;58;o
68;68;59;o
70;70;61;o
71;71;61;d
72;72;62;o
73;73;63;o
74;74;63;d
75;75;64;o
76;76;65;o
77;77;66;o
78;78;67;o
79;79;68;o
80;80;69;o
81;81;70;o
82;82;70;d
83;83;71;o
84;84;71;d
85;85;72;o
86;86;72;d
87;87;73;o
89;89;75;o
90;90;76;o
91;91;77;o
92;92;78;o
93;93;79;o
94;94;80;o
95;95;80;d
96;96;81;o
97;97;82;o
98;98;83;o
99;99;83;d
100;100;84;o
101;101;85;o
102;102;86;o
103;103;86;d
105;105;88;o
106;106;89;o
107;107;90;o
108;108;91;o
110;110;93;o
112;112;95;o
113;113;95;d
114;114;96;o
115;115;96;d
116;116;97;o
117;117;97;d
118;118;98;o
119;119;98;d
120;120;99;o
121;121;100;o
122;122;101;o
123;123;102;o
124;124;103;o
125;125;104;o
126;126;104;d
127;127;105;o
128;128;106;o
129;129;107;o
130;130;108;o
131;131;109;o
132;132;110;o
134;134;112;o
135;135;112;d
136;136;113;o
137;137;114;o
138;138;115;o
139;139;116;o
140;140;116;d
141;141;117;o
142;142;118;o
143;143;119;o
144;144;120;o
145;145;121;o
146;146;122;o
147;147;123;o
148;148;123;d
149;149;124;o
150;150;125;o
151;151;126;o
152;152;127;o
153;153;128;o
154;154;129;o
155;155;129;d
156;156;130;o
157;157;131;o
158;158;132;o
159;159;132;d
160;160;133;o
161;161;134;o
162;162;135;o
163;163;136;o
164;164;137;o
165;165;138;o
166;166;138;d
167;167;139;o
168;168;140;o
169;169;141;o
170;170;141;d
171;171;142;o
172;172;142;d
173;173;143;o
174;174;144;o
175;175;145;o
176;176;146;o
178;178;148;o
179;179;149;o
180;180;150;o
181;181;151;o
182;182;151;d
183;183;152;o
184;184;152;d
185;185;153;o
186;186;154;o
187;187;155;o
188;188;156;o
189;189;157;o
190;190;158;o
191;191;158;d
192;192;159;o
193;193;160;o
194;194;161;o
195;195;162;o
196;196;162;d
197;197;163;o
198;198;164;o
199;199;165;o
200;200;165;d
201;201;166;o
202;202;167;o
203;203;168;o
204;204;168;d
205;205;169;o
206;206;170;o
207;207;171;o
208;208;172;o
209;209;172;d
210;210;173;o
211;211;173;d
212;212;174;o
215;215;176;o
216;216;177;o
217;217;178;o
218;218;179;o
219;219;180;o
221;221;181;o
222;222;182;o
223;223;183;o
224;224;184;o
225;225;185;o
226;226;186;o
227;227;187;o
228;228;188;o
229;229;189;o
230;230;190;o
231;231;191;o
232;232;192;o
233;233;193;o
234;234;193;d
235;235;194;o
236;236;195;o
237;237;195;d
238;238;196;o
239;239;197;o
240;240;198;o
241;241;199;o
242;242;200;o
243;243;201;o
246;246;204;o
247;247;205;o
248;248;206;o
249;249;206;d
250;250;207;o
251;251;208;o
252;252;209;o
253;253;210;o
254;254;211;o
255;255;212;o
256;256;213;o
257;257;214;o
258;258;214;d
259;259;215;o
260;260;215;d
261;261;216;o
262;262;217;o
263;263;218;o
264;264;219;o
265;265;220;o
266;266;221;o
267;267;222;o
268;268;223;o
269;269;224;o
270;270;225;o
271;271;225;d
272;272;226;o
273;273;227;o
274;274;228;o
275;275;229;o
276;276;230;o
277;277;230;d
278;278;231;o
279;279;231;d
280;280;232;o
282;282;234;o
283;283;234;d
284;284;235;o
285;285;236;o
286;286;236;d
287;287;237;o
288;288;238;o
289;289;239;o
290;290;240;o
291;291;240;d
292;292;241;o
293;293;242;o
294;294;243;o
295;295;244;o
296;296;245;o
297;297;246;o
298;298;246;d
300;300;248;o
301;301;249;o
302;302;250;o
303;303;251;o
304;304;252;o
305;305;253;o
308;308;255;o
309;309;256;o
310;310;257;o
311;311;258;o
312;312;259;o
313;313;260;o
314;314;260;d
315;315;261;o
316;316;262;o
317;317;263;o
318;318;264;o
319;319;265;o
320;320;265;d
321;321;266;o
322;322;267;o
323;323;267;d
324;324;268;o
325;325;269;o
326;326;270;o
327;327;270;d
328;328;271;o
329;329;272;o
330;330;273;o
331;331;274;o
332;332;275;o
333;333;276;o
334;334;277;o
335;335;278;o
336;336;279;o
337;337;279;d
338;338;280;o
339;339;281;o
340;340;281;d
341;341;282;o
342;342;282;d
343;343;283;o
344;344;284;o
345;345;285;o
346;346;285;d
347;347;286;o
348;348;286;d
349;349;287;o
350;350;288;o
351;351;289;o
352;352;290;o
353;353;291;o
354;354;292;o
355;355;292;d
356;356;293;o
357;357;293;d
358;358;294;o
359;359;295;o
360;360;296;o
361;361;297;o
362;362;298;o
363;363;298;d
364;364;299;o
365;365;300;o
366;366;300;d
367;367;301;o
368;368;301;d
369;369;302;o
370;370;303;o
371;371;304;o
372;372;305;o
373;373;306;o
374;374;307;o
375;375;308;o
376;376;309;o
378;378;311;o
379;379;311;d
380;380;312;o
381;381;313;o
382;382;313;d
383;383;314;o
384;384;314;d
385;385;315;o
386;386;316;o
387;387;317;o
388;388;318;o
389;389;319;o
390;390;320;o
391;391;321;o
392;392;322;o
393;393;322;d
394;394;323;o
395;395;323;d
396;396;324;o
397;397;325;o
398;398;326;o
399;399;327;o
400;400;328;o
401;401;328;d
402;402;329;o
403;403;330;o
404;404;330;d
405;405;331;o
406;406;332;o
407;407;333;o
408;408;334;o
409;409;335;o
410;410;336;o
411;411;337;o
412;412;337;d
413;413;338;o
414;414;339;o
415;415;339;d
416;416;340;o
417;417;340;d
418;418;341;o
419;419;342;o
420;420;343;o
421;421;344;o
422;422;345;o
423;423;346;o
424;424;347;o
425;425;348;o
426;426;349;o
427;427;349;d
428;428;350;o
429;429;351;o
430;430;352;o
431;431;353;o
432;432;354;o
433;433;355;o
434;434;356;o
435;435;357;o
436;436;358;o
437;437;359;o
438;438;360;o
439;439;361;o
440;440;362;o
441;441;363;o
442;442;364;o
443;443;364;d
444;444;365;o
445;445;366;o
446;446;366;d
447;447;367;o
448;448;368;o
450;450;370;o
451;451;371;o
452;452;372;o
453;453;373;o
454;454;374;o
455;455;375;o
456;456;376;o
457;457;377;o
458;458;378;o
459;459;379;o
461;461;381;o
462;462;382;o
463;463;383;o
464;464;384;o
465;465;385;o
466;466;386;o
467;467;386;d
468;468;387;o
469;469;388;o
470;470;389;o
471;471;390;o
472;472;391;o
473;473;392;o
474;474;393;o
476;476;395;o
477;477;395;d
478;478;396;o
479;479;397;o
480;480;397;d
481;481;398;o
482;482;398;d
483;483;399;o
484;484;400;o
485;485;401;o
486;486;402;o
487;487;403;o
488;488;403;d
489;489;404;o
490;490;405;o
491;491;406;o
492;492;407;o
493;493;408;o
494;494;409;o
495;495;410;o
496;496;411;o
497;497;412;o
498;498;412;d
499;499;413;o
500;500;414;o
501;501;415;o
502;502;416;o
503;503;417;o
504;504;418;o
505;505;419;o
506;506;420;o
507;507;421;o
508;508;422;o
509;509;423;o
510;510;424;o
511;511;425;o
512;512;426;o
513;513;427;o
514;514;427;d
515;515;428;o
516;516;428;d
517;517;429;o
518;518;430;o
519;519;431;o
520;520;432;o
521;521;433;o
522;522;434;o
523;523;435;o
524;524;436;o
525;525;436;d
526;526;437;o
527;527;437;d
528;528;438;o
529;529;439;o
530;530;440;o
531;531;441;o
532;532;441;d
533;533;442;o
534;534;443;o
535;535;444;o
536;536;445;o
537;537;446;o
538;538;447;o
540;540;449;o
541;541;449;d
542;542;450;o
543;543;451;o
544;544;452;o
545;545;453;o
546;546;454;o
547;547;455;o
548;548;456;o
550;550;458;o
551;551;459;o
552;552;460;o
553;553;460;d
554;554;461;o
555;555;461;d
556;556;462;o
557;557;463;o
558;558;464;o
559;559;465;o
560;560;466;o
561;561;467;o
562;562;468;o
563;563;469;o
564;564;469;d
565;565;470;o
566;566;471;o
567;567;471;d
568;568;472;o
569;569;473;o
570;570;474;o
571;571;475;o
572;572;475;d
573;573;476;o
574;574;477;o
575;575;478;o
576;576;478;d
577;577;479;o
578;578;480;o
579;579;481;o
581;581;483;o
582;582;484;o
583;583;485;o
584;584;486;o
585;585;487;o
586;586;487;d
587;587;488;o
588;588;489;o
589;589;490;o
590;590;491;o
591;591;492;o
592;592;493;o
593;593;494;o
596;596;496;o
597;597;497;o
598;598;498;o
599;599;498;d
601;601;500;o
602;602;500;d
603;603;501;o
604;604;502;o
605;605;503;o
606;606;504;o
607;607;505;o
608;608;506;o
609;609;507;o
610;610;508;o
611;611;509;o
612;612;509;d
613;613;510;o
614;614;511;o
615;615;512;o
616;616;513;o
617;617;514;o
618;618;515;o
619;619;516;o
620;620;516;d
621;621;517;o
622;622;518;o
623;623;519;o
624;624;519;d
625;625;520;o
626;626;521;o
627;627;522;o
628;628;522;d
629;629;523;o
630;630;524;o
631;631;525;o
632;632;526;o
633;633;526;d
635;635;528;o
636;636;528;d
637;637;529;o
638;638;530;o
639;639;531;o
640;640;532;o
641;641;533;o
642;642;533;d
643;643;534;o
644;644;535;o
645;645;536;o
646;646;537;o
647;647;537;d
648;648;538;o
649;649;539;o
651;651;540;o
652;652;541;o
653;653;542;o
654;654;543;o
655;655;544;o
656;656;545;o
657;657;546;o
658;658;546;d
659;659;547;o
660;660;548;o
661;661;548;d
662;662;549;o
663;663;550;o
664;664;551;o
665;665;552;o
666;666;553;o
667;667;554;o
668;668;555;o
669;669;556;o
670;670;557;o
671;671;558;o
672;672;559;o
673;673;560;o
674;674;561;o
675;675;562;o
676;676;563;o
677;677;564;o
678;678;565;o
679;679;566;o
680;680;566;d
681;681;567;o
682;682;568;o
683;683;569;o
684;684;570;o
685;685;571;o
686;686;572;o
687;687;572;d
688;688;573;o
689;689;574;o
690;690;575;o
691;691;575;d
692;692;576;o
693;693;576;d
694;694;577;o
695;695;578;o
696;696;578;d
697;697;579;o
698;698;580;o
699;699;581;o
700;700;582;o
702;702;584;o
703;703;585;o
704;704;586;o
705;705;587;o
706;706;588;o
707;707;589;o
708;708;590;o
709;709;591;o
710;710;592;o
711;711;593;o
712;712;594;o
713;713;595;o
714;714;596;o
715;715;597;o
716;716;598;o
717;717;599;o
718;718;599;d
719;719;600;o
720;720;601;o
721;721;602;o
722;722;603;o
723;723;604;o
724;724;605;o
725;725;606;o
726;726;607;o
727;727;608;o
728;728;608;d
729;729;609;o
730;730;609;d
731;731;610;o
732;732;610;d
733;733;611;o
734;734;611;d
735;735;612;o
736;736;612;d
737;737;613;o
738;738;614;o
739;739;615;o
740;740;616;o
741;741;617;o
742;742;618;o
743;743;619;o
744;744;620;o
745;745;621;o
746;746;621;d
747;747;622;o
748;748;623;o
749;749;623;d
750;750;624;o
751;751;625;o
752;752;626;o
753;753;626;d
754;754;627;o
755;755;628;o
756;756;629;o
757;757;630;o
758;758;631;o
759;759;632;o
760;760;633;o
762;762;635;o
763;763;636;o
764;764;637;o
765;765;638;o
766;766;639;o
767;767;639;d
768;768;640;o
769;769;641;o
772;772;643;o
773;773;644;o
774;774;645;o
775;775;646;o
776;776;647;o
777;777;647;d
778;778;648;o
779;779;649;o
780;780;650;o
781;781;651;o
782;782;652;o
783;783;653;o
784;784;653;d
785;785;654;o
786;786;655;o
787;787;656;o
788;788;657;o
789;789;658;o
790;790;659;o
791;791;660;o
793;793;662;o
794;794;662;d
796;796;664;o
797;797;665;o
798;798;666;o
799;799;666;d
803;803;669;o
804;804;669;d
806;806;671;o
807;807;672;o
808;808;673;o
809;809;674;o
810;810;675;o
811;811;675;d
812;812;676;o
813;813;677;o
814;814;678;o
815;815;679;o
816;816;680;o
818;818;682;o
819;819;683;o
820;820;683;d
821;821;684;o
822;822;685;o
823;823;686;o
824;824;687;o
825;825;688;o
826;826;689;o
827;827;690;o
828;828;690;d
829;829;691;o
830;830;692;o
831;831;693;o
832;832;694;o
833;833;695;o
834;834;696;o
835;835;697;o
836;836;697;d
837;837;698;o
838;838;698;d
839;839;699;o
840;840;700;o
841;841;701;o
842;842;702;o
843;843;703;o
844;844;704;o
845;845;704;d
846;846;705;o
847;847;706;o
849;849;708;o
850;850;709;o
851;851;710;o
852;852;710;d
853;853;711;o
854;854;712;o
855;855;713;o
856;856;714;o
857;857;715;o
858;858;716;o
859;859;717;o
860;860;717;d
861;861;718;o
862;862;719;o
863;863;720;o
864;864;721;o
865;865;721;d
866;866;722;o
870;870;725;o
871;871;726;o
872;872;727;o
873;873;728;o
874;874;729;o
875;875;729;d
876;876;730;o
877;877;731;o
878;878;731;d
879;879;732;o
880;880;733;o
881;881;734;o
882;882;735;o
883;883;736;o
884;884;736;d
885;885;737;o
886;886;738;o
887;887;739;o
888;888;740;o
889;889;741;o
890;890;742;o
891;891;743;o
892;892;744;o
893;893;745;o
894;894;746;o
895;895;747;o
896;896;748;o
897;897;748;d
898;898;749;o
899;899;749;d
900;900;750;o
901;901;751;o
902;902;752;o
903;903;753;o
904;904;754;o
905;905;755;o
906;906;756;o
907;907;757;o
908;908;758;o
909;909;759;o
910;910;760;o
911;911;761;o
912;912;762;o
913;913;763;o
914;914;764;o
915;915;765;o
916;916;766;o
917;917;767;o
918;918;768;o
921;921;770;o
922;922;771;o
923;923;771;d
924;924;772;o
925;925;773;o
926;926;774;o
927;927;775;o
928;928;776;o
929;929;777;o
930;930;778;o
931;931;779;o
932;932;780;o
933;933;781;o
934;934;781;d
935;935;782;o
936;936;782;d
937;937;783;o
938;938;784;o
939;939;785;o
940;940;786;o
941;941;787;o
942;942;788;o
943;943;788;d
944;944;789;o
945;945;789;d
946;946;790;o
948;948;791;o
949;949;792;o
950;950;793;o
951;951;793;d
952;952;794;o
953;953;795;o
954;954;796;o
955;955;797;o
956;956;798;o
957;957;799;o
958;958;799;d
959;959;800;o
960;960;801;o
961;961;802;o
962;962;803;o
963;963;804;o
964;964;805;o
965;965;806;o
966;966;806;d
967;967;807;o
968;968;808;o
970;970;809;o
971;971;810;o
972;972;810;d
973;973;811;o
974;974;811;d
975;975;812;o
976;976;813;o
977;977;814;o
978;978;815;o
979;979;815;d
980;980;816;o
981;981;817;o
984;984;819;o
985;985;819;d
986;986;820;o
987;987;821;o
988;988;822;o
989;989;822;d
990;990;823;o
991;991;824;o
992;992;825;o
993;993;826;o
994;994;827;o
995;995;827;d
996;996;828;o
997;997;829;o
998;998;829;d
999;999;830;o
1000;1000;830;d
1001;1001;831;o
1002;1002;832;o
1003;1003;833;o
1004;1004;834;o
1006;1006;836;o
1007;1007;836;d
1008;1008;837;o
1009;1009;838;o
1010;1010;838;d
1011;1011;839;o
1012;1012;840;o
1013;1013;840;d
1014;1014;841;o
1015;1015;842;o
1016;1016;842;d
1017;1017;843;o
1018;1018;844;o
1019;1019;845;o
1020;1020;846;o
1021;1021;847;o
1022;1022;848;o
1023;1023;849;o
1024;1024;850;o
1025;1025;851;o
1026;1026;852;o
1027;1027;853;o
1028;1028;853;d
1029;1029;854;o
1030;1030;855;o
1031;1031;856;o
1032;1032;857;o
1033;1033;857;d
1034;1034;858;o
1035;1035;859;o
1036;1036;859;d
1037;1037;860;o
1038;1038;861;o
1039;1039;862;o
1040;1040;863;o
1041;1041;864;o
1042;1042;865;o
1043;1043;865;d
1044;1044;866;o
1045;1045;867;o
1046;1046;868;o
1047;1047;869;o
1048;1048;870;o
1049;1049;871;o
1050;1050;872;o
1051;1051;873;o
1052;1052;874;o
1053;1053;874;d
1054;1054;875;o
1055;1055;876;o
1056;1056;877;o
1057;1057;878;o
1058;1058;879;o
1059;1059;880;o
1060;1060;880;d
1062;1062;882;o
1063;1063;882;d
1064;1064;883;o
1065;1065;884;o
1066;1066;885;o
1067;1067;886;o
1068;1068;887;o
1069;1069;888;o
1070;1070;888;d
1071;1071;889;o
1072;1072;890;o
1073;1073;891;o
1074;1074;891;d
1075;1075;892;o
1076;1076;893;o
1077;1077;894;o
1078;1078;895;o
1079;1079;896;o
1080;1080;897;o
1081;1081;898;o
1082;1082;899;o
1083;1083;900;o
1084;1084;900;d
1085;1085;901;o
1086;1086;902;o
1087;1087;902;d
1088;1088;903;o
1089;1089;904;o
1090;1090;905;o
1091;1091;906;o
1092;1092;907;o
1093;1093;908;o
1094;1094;909;o
1095;1095;909;d
1096;1096;910;o
1097;1097;910;d
1098;1098;911;o
1099;1099;912;o
1100;1100;913;o
1101;1101;914;o
1102;1102;915;o
1103;1103;916;o
1104;1104;916;d
1105;1105;917;o
1106;1106;917;d
1107;1107;918;o
1108;1108;919;o
1109;1109;920;o
1110;1110;921;o
1111;1111;922;o
1112;1112;923;o
1113;1113;924;o
1114;1114;925;o
1115;1115;926;o
1116;1116;927;o
1117;1117;928;o
1118;1118;928;d
1119;1119;929;o
1120;1120;930;o
1121;1121;931;o
1122;1122;932;o
1123;1123;932;d
1124;1124;933;o
1125;1125;934;o
1126;1126;934;d
1127;1127;935;o
1128;1128;936;o
1129;1129;937;o
1130;1130;938;o
1131;1131;939;o
1132;1132;939;d
1133;1133;940;o
1134;1134;940;d
1135;1135;941;o
1136;1136;942;o
1137;1137;943;o
1138;1138;944;o
1139;1139;944;d
1140;1140;945;o
1141;1141;946;o
1142;1142;947;o
1143;1143;947;d
1145;1145;949;o
1146;1146;950;o
1147;1147;951;o
1148;1148;952;o
1149;1149;953;o
1150;1150;954;o
1151;1151;955;o
1152;1152;956;o
1153;1153;957;o
1154;1154;958;o
1155;1155;958;d
1156;1156;959;o
1157;1157;960;o
1158;1158;961;o
1159;1159;962;o
1160;1160;962;d
1161;1161;963;o
1162;1162;964;o
1163;1163;965;o
1164;1164;966;o
1165;1165;967;o
1166;1166;968;o
1167;1167;968;d
1168;1168;969;o
1169;1169;970;o
1170;1170;971;o
1171;1171;972;o
1172;1172;973;o
1173;1173;973;d
1174;1174;974;o
1175;1175;975;o
1176;1176;975;d
1177;1177;976;o
1178;1178;977;o
1179;1179;978;o
1180;1180;979;o
1181;1181;980;o
1182;1182;981;o
1183;1183;982;o
1186;1186;984;o
1187;1187;985;o
1188;1188;985;d
1189;1189;986;o
1190;1190;987;o
1191;1191;987;d
1192;1192;988;o
1193;1193;989;o
1194;1194;990;o
1195;1195;991;o
1196;1196;992;o
1197;1197;993;o
1198;1198;994;o
1199;1199;995;o
1200;1200;996;o
1201;1201;997;o
1202;1202;998;o
1204;1204;1000;o
1206;1206;1002;o
1207;1207;1003;o
1208;1208;1004;o
1209;1209;1005;o
1210;1210;1006;o
1211;1211;1007;o
1212;1212;1008;o
1213;1213;1009;o
1214;1214;1010;o
1215;1215;1011;o
1216;1216;1012;o
1217;1217;1013;o
1218;1218;1014;o
1219;1219;1015;o
1220;1220;1016;o
1221;1221;1017;o
1222;1222;1018;o
1223;1223;1019;o
1224;1224;1020;o
1225;1225;1021;o
1226;1226;1022;o
1227;1227;1022;d
1228;1228;1023;o
1229;1229;1024;o
1231;1231;1026;o
1232;1232;1026;d
1233;1233;1027;o
1234;1234;1028;o
1235;1235;1028;d
1236;1236;1029;o
1237;1237;1030;o
1238;1238;1031;o
1239;1239;1032;o
1240;1240;1033;o
1241;1241;1034;o
1242;1242;1035;o
1243;1243;1036;o
1244;1244;1037;o
1245;1245;1038;o
1246;1246;1039;o
1247;1247;1039;d
1248;1248;1040;o
1250;1250;1042;o
1251;1251;1043;o
1252;1252;1043;d
1253;1253;1044;o
1254;1254;1045;o
1255;1255;1046;o
1256;1256;1047;o
1257;1257;1048;o
1258;1258;1048;d
1259;1259;1049;o
1260;1260;1050;o
1261;1261;1050;d
1262;1262;1051;o
1263;1263;1051;d
1264;1264;1052;o
1265;1265;1053;o
1266;1266;1054;o
1267;1267;1055;o
1268;1268;1055;d
1269;1269;1056;o
1270;1270;1057;o
1271;1271;1058;o
1272;1272;1059;o
1273;1273;1060;o
1274;1274;1061;o
1275;1275;1062;o
1276;1276;1063;o
1277;1277;1064;o
1278;1278;1065;o
1279;1279;1066;o
1280;1280;1067;o
1281;1281;1067;d
1282;1282;1068;o
1283;1283;1069;o
1284;1284;1069;d
1285;1285;1070;o
1286;1286;1071;o
1287;1287;1072;o
1288;1288;1073;o
1289;1289;1074;o
1290;1290;1075;o
1291;1291;1076;o
1292;1292;1077;o
1293;1293;1078;o
1294;1294;1078;d
1295;1295;1079;o
1296;1296;1080;o
1297;1297;1081;o
1298;1298;1081;d
1299;1299;1082;o
1300;1300;1083;o
1303;1303;1085;o
1304;1304;1086;o
1305;1305;1087;o
1306;1306;1088;o
1307;1307;1089;o
1308;1308;1090;o
1309;1309;1091;o
1310;1310;1092;o
1311;1311;1093;o
1312;1312;1094;o
1313;1313;1095;o
1314;1314;1095;d
1315;1315;1096;o
1316;1316;1097;o
1317;1317;1097;d
1318;1318;1098;o
1321;1321;1100;o
1322;1322;1101;o
1323;1323;1102;o
1324;1324;1103;o
1325;1325;1104;o
1326;1326;1105;o
1327;1327;1106;o
1328;1328;1107;o
1329;1329;1108;o
1330;1330;1109;o
1331;1331;1110;o
1332;1332;1111;o
1333;1333;1112;o
1334;1334;1113;o
1335;1335;1114;o
1336;1336;1114;d
1337;1337;1115;o
1338;1338;1115;d
1339;1339;1116;o
1340;1340;1117;o
1341;1341;1118;o
1343;1343;1120;o
1344;1344;1120;d
1345;1345;1121;o
1346;1346;1122;o
1347;1347;1123;o
1348;1348;1123;d
1349;1349;1124;o
1350;1350;1125;o
1351;1351;1125;d
1352;1352;1126;o
1353;1353;1127;o
1354;1354;1128;o
1355;1355;1129;o
1356;1356;1130;o
1359;1359;1132;o
1360;1360;1132;d
1361;1361;1133;o
1362;1362;1133;d
1363;1363;1134;o
1364;1364;1135;o
1365;1365;1135;d
1366;1366;1136;o
1367;1367;1137;o
1368;1368;1137;d
1369;1369;1138;o
1370;1370;1139;o
1371;1371;1140;o
1372;1372;1141;o
1373;1373;1142;o
1375;1375;1144;o
1376;1376;1145;o
1377;1377;1145;d
1378;1378;1146;o
1379;1379;1146;d
1380;1380;1147;o
1382;1382;1149;o
1383;1383;1150;o
1384;1384;1151;o
1385;1385;1152;o
1386;1386;1152;d
1387;1387;1153;o
1388;1388;1154;o
1389;1389;1155;o
1390;1390;1156;o
1391;1391;1157;o
1392;1392;1158;o
1393;1393;1158;d
1394;1394;1159;o
1395;1395;1159;d
1396;1396;1160;o
1397;1397;1161;o
1401;1401;1164;o
1402;1402;1165;o
1403;1403;1165;d
1404;1404;1166;o
1406;1406;1168;o
1407;1407;1168;d
1408;1408;1169;o
1409;1409;1170;o
1410;1410;1171;o
1411;1411;1171;d
1412;1412;1172;o
1413;1413;1173;o
1414;1414;1174;o
1416;1416;1176;o
1417;1417;1177;o
1418;1418;1178;o
1419;1419;1179;o
1420;1420;1179;d
1421;1421;1180;o
1422;1422;1181;o
1423;1423;1181;d
1424;1424;1182;o
1425;1425;1183;o
1426;1426;1183;d
1427;1427;1184;o
1428;1428;1185;o
1429;1429;1185;d
1430;1430;1186;o
1431;1431;1187;o
1432;1432;1188;o
1433;1433;1189;o
1434;1434;1189;d
1435;1435;1190;o
1438;1438;1192;o
1439;1439;1193;o
1440;1440;1194;o
1441;1441;1195;o
1442;1442;1195;d
1443;1443;1196;o
1444;1444;1196;d
1445;1445;1197;o
1446;1446;1198;o
1447;1447;1198;d
1448;1448;1199;o
1449;1449;1200;o
1450;1450;1201;o
1452;1452;1203;o
1453;1453;1204;o
1454;1454;1205;o
1455;1455;1205;d
1456;1456;1206;o
1457;1457;1206;d
1458;1458;1207;o
1459;1459;1208;o
1460;1460;1209;o
1461;1461;1210;o
1462;1462;1211;o
1463;1463;1212;o
1464;1464;1213;o
1465;1465;1213;d
1466;1466;1214;o
1467;1467;1215;o
1468;1468;1216;o
1469;1469;1217;o
1470;1470;1218;o
1471;1471;1218;d
1472;1472;1219;o
1473;1473;1220;o
1474;1474;1221;o
1475;1475;1222;o
1476;1476;1223;o
1478;1478;1225;o
1479;1479;1226;o
1480;1480;1227;o
1481;1481;1228;o
1482;1482;1229;o
1483;1483;1230;o
1484;1484;1230;d
1485;1485;1231;o
1486;1486;1231;d
1487;1487;1232;o
1488;1488;1233;o
1489;1489;1234;o
1490;1490;1235;o
1491;1491;1236;o
1492;1492;1237;o
1493;1493;1238;o
1494;1494;1238;d
1495;1495;1239;o
1496;1496;1240;o
1497;1497;1241;o
1498;1498;1241;d
1499;1499;1242;o
1500;1500;1243;o
1501;1501;1244;o
1502;1502;1245;o
1503;1503;1246;o
1504;1504;1246;d
1505;1505;1247;o
1506;1506;1248;o
1507;1507;1248;d
1508;1508;1249;o
1509;1509;1250;o
1510;1510;1251;o
1511;1511;1252;o
1512;1512;1253;o
1513;1513;1254;o
1514;1514;1255;o
1516;1516;1256;o
1517;1517;1257;o
1518;1518;1258;o
1519;1519;1258;d
1520;1520;1259;o
1521;1521;1260;o
1522;1522;1261;o
1523;1523;1262;o
1524;1524;1263;o
1525;1525;1264;o
1526;1526;1264;d
1527;1527;1265;o
1528;1528;1266;o
1529;1529;1267;o
1530;1530;1268;o
1531;1531;1269;o
1532;1532;1269;d
1533;1533;1270;o
1534;1534;1271;o
1535;1535;1272;o
1536;1536;1273;o
1537;1537;1274;o
1539;1539;1275;o
1540;1540;1276;o
1541;1541;1276;d
1542;1542;1277;o
1543;1543;1277;d
1546;1546;1279;o
1547;1547;1279;d
1548;1548;1280;o
1549;1549;1280;d
1550;1550;1281;o
1554;1554;1284;o
1555;1555;1285;o
1556;1556;1286;o
1557;1557;1287;o
1558;1558;1288;o
1559;1559;1289;o
1561;1561;1291;o
1562;1562;1291;d
1563;1563;1292;o
1564;1564;1293;o
1565;1565;1294;o
1566;1566;1295;o
1567;1567;1296;o
1568;1568;1296;d
1569;1569;1297;o
1570;1570;1297;d
1571;1571;1298;o
1572;1572;1299;o
1574;1574;1301;o
1575;1575;1302;o
1576;1576;1302;d
1577;1577;1303;o
1578;1578;1304;o
1579;1579;1305;o
1580;1580;1306;o
1581;1581;1307;o
1582;1582;1308;o
1583;1583;1309;o
1584;1584;1310;o
1585;1585;1311;o
1586;1586;1311;d
1587;1587;1312;o
1588;1588;1313;o
1589;1589;1314;o
1590;1590;1315;o
1591;1591;1316;o
1592;1592;1317;o
1593;1593;1317;d
1594;1594;1318;o
1595;1595;1319;o
1596;1596;1320;o
1597;1597;1321;o
1598;1598;1322;o
1599;1599;1323;o
1600;1600;1323;d
1601;1601;1324;o
1602;1602;1324;d
1603;1603;1325;o
1604;1604;1325;d
1605;1605;1326;o
1606;1606;1327;o
1607;1607;1328;o
1608;1608;1329;o
1609;1609;1329;d
1610;1610;1330;o
1611;1611;1331;o
1612;1612;1331;d
1613;1613;1332;o
1614;1614;1333;o
1615;1615;1334;o
1616;1616;1335;o
1617;1617;1336;o
1618;1618;1337;o
1619;1619;1338;o
1620;1620;1338;d
1621;1621;1339;o
1622;1622;1340;o
1623;1623;1341;o
1624;1624;1342;o
1625;1625;1342;d
1628;1628;1344;o
1629;1629;1345;o
1630;1630;1345;d
1631;1631;1346;o
1632;1632;1347;o
1633;1633;1348;o
1634;1634;1348;d
1635;1635;1349;o
1636;1636;1349;d
1637;1637;1350;o
1638;1638;1351;o
1639;1639;1352;o
1640;1640;1353;o
1641;1641;1354;o
1642;1642;1355;o
1643;1643;1356;o
1644;1644;1357;o
1645;1645;1358;o
1646;1646;1359;o
1647;1647;1360;o
1648;1648;1361;o
1649;1649;1361;d
1650;1650;1362;o
1651;1651;1363;o
1653;1653;1365;o
1654;1654;1366;o
1655;1655;1367;o
1656;1656;1368;o
1657;1657;1369;o
1658;1658;1370;o
1659;1659;1371;o
1660;1660;1372;o
1661;1661;1373;o
1662;1662;1374;o
1663;1663;1375;o
1664;1664;1376;o
1665;1665;1376;d
1666;1666;1377;o
1667;1667;1377;d
1668;1668;1378;o
1669;1669;1379;o
1670;1670;1380;o
1671;1671;1381;o
1672;1672;1381;d
1673;1673;1382;o
1674;1674;1383;o
1675;1675;1384;o
1676;1676;1385;o
1677;1677;1385;d
1679;1679;1387;o
1680;1680;1388;o
1681;1681;1389;o
1682;1682;1390;o
1683;1683;1391;o
1684;1684;1391;d
1685;1685;1392;o
1686;1686;1393;o
1687;1687;1393;d
1688;1688;1394;o
1689;1689;1395;o
1690;1690;1396;o
1691;1691;1397;o
1692;1692;1398;o
1693;1693;1399;o
1694;1694;1399;d
1696;1696;1401;o
1697;1697;1402;o
1698;1698;1402;d
1699;1699;1403;o
1700;1700;1404;o
1701;1701;1404;d
1702;1702;1405;o
1703;1703;1406;o
1704;1704;1406;d
1705;1705;1407;o
1706;1706;1407;d
1707;1707;1408;o
1709;1709;1410;o
1710;1710;1411;o
1711;1711;1412;o
1712;1712;1412;d
1713;1713;1413;o
1714;1714;1414;o
1717;1717;1416;o
1718;1718;1417;o
1719;1719;1418;o
1720;1720;1419;o
1721;1721;1419;d
1722;1722;1420;o
1723;1723;1421;o
1724;1724;1422;o
1725;1725;1423;o
1726;1726;1423;d
1727;1727;1424;o
1728;1728;1424;d
1729;1729;1425;o
1730;1730;1426;o
1731;1731;1427;o
1733;1733;1429;o
1734;1734;1430;o
1735;1735;1430;d
1736;1736;1431;o
1737;1737;1432;o
1738;1738;1432;d
1741;1741;1434;o
1742;1742;1435;o
1743;1743;1436;o
1744;1744;1437;o
1745;1745;1438;o
1746;1746;1439;o
1747;1747;1439;d
1748;1748;1440;o
1749;1749;1441;o
1750;1750;1442;o
1751;1751;1443;o
1752;1752;1444;o
1753;1753;1445;o
1754;1754;1446;o
1755;1755;1447;o
1756;1756;1448;o
1757;1757;1448;d
1758;1758;1449;o
1759;1759;1450;o
1760;1760;1451;o
1761;1761;1452;o
1762;1762;1453;o
1763;1763;1454;o
1764;1764;1455;o
1765;1765;1456;o
1768;1768;1458;o
1769;1769;1459;o
1770;1770;1459;d
1771;1771;1460;o
1772;1772;1461;o
1774;1774;1463;o
1775;1775;1464;o
1776;1776;1465;o
1777;1777;1466;o
1778;1778;1466;d
1779;1779;1467;o
1780;1780;1468;o
1781;1781;1469;o
1782;1782;1470;o
1783;1783;1471;o
1784;1784;1472;o
1785;1785;1473;o
1786;1786;1474;o
1787;1787;1474;d
1788;1788;1475;o
1789;1789;1476;o
1790;1790;1477;o
1791;1791;1478;o
1792;1792;1479;o
1793;1793;1480;o
1794;1794;1481;o
1795;1795;1482;o
1796;1796;1483;o
1797;1797;1483;d
1798;1798;1484;o
1799;1799;1485;o
1800;1800;1486;o
1801;1801;1487;o
1802;1802;1487;d
1803;1803;1488;o
1806;1806;1490;o
1807;1807;1491;o
1808;1808;1491;d
1809;1809;1492;o
1810;1810;1493;o
1811;1811;1494;o
1812;1812;1495;o
1813;1813;1495;d
1814;1814;1496;o
1815;1815;1497;o
1816;1816;1498;o
1817;1817;1499;o
1818;1818;1499;d
1819;1819;1500;o
1820;1820;1501;o
1821;1821;1502;o
1822;1822;1503;o
1823;1823;1504;o
1824;1824;1505;o
1825;1825;1506;o
1826;1826;1507;o
1827;1827;1507;d
1828;1828;1508;o
1829;1829;1509;o
1830;1830;1510;o
1831;1831;1511;o
1832;1832;1512;o
1833;1833;1513;o
1834;1834;1514;o
1835;1835;1514;d
1836;1836;1515;o
1837;1837;1516;o
1838;1838;1516;d
1839;1839;1517;o
1840;1840;1517;d
1841;1841;1518;o
1842;1842;1519;o
1843;1843;1520;o
1844;1844;1521;o
1845;1845;1521;d
1846;1846;1522;o
1847;1847;1523;o
1848;1848;1524;o
1849;1849;1525;o
1850;1850;1526;o
1851;1851;1527;o
1852;1852;1528;o
1853;1853;1529;o
1854;1854;1530;o
1856;1856;1532;o
1857;1857;1532;d
1860;1860;1534;o
1861;1861;1535;o
1862;1862;1536;o
1863;1863;1537;o
1864;1864;1538;o
1865;1865;1538;d
1866;1866;1539;o
1867;1867;1540;o
1868;1868;1541;o
1869;1869;1542;o
1870;1870;1542;d
1871;1871;1543;o
1872;1872;1544;o
1873;1873;1544;d
1874;1874;1545;o
1875;1875;1546;o
1876;1876;1547;o
1877;1877;1548;o
1878;1878;1548;d
1879;1879;1549;o
1880;1880;1550;o
1881;1881;1551;o
1882;1882;1551;d
1883;1883;1552;o
1884;1884;1553;o
1885;1885;1554;o
1886;1886;1555;o
1887;1887;1556;o
1888;1888;1557;o
1889;1889;1558;o
1890;1890;1559;o
1891;1891;1560;o
1892;1892;1561;o
1893;1893;1561;d
1894;1894;1562;o
1895;1895;1563;o
1896;1896;1564;o
1897;1897;1565;o
1898;1898;1566;o
1899;1899;1567;o
1900;1900;1568;o
1901;1901;1568;d
1903;1903;1570;o
1904;1904;1571;o
1905;1905;1572;o
1906;1906;1573;o
1907;1907;1574;o
1908;1908;1575;o
1909;1909;1576;o
1910;1910;1577;o
1911;1911;1578;o
1912;1912;1579;o
1913;1913;1580;o
1914;1914;1581;o
1915;1915;1581;d
1916;1916;1582;o
1917;1917;1583;o
1919;1919;1584;o
1920;1920;1585;o
1921;1921;1586;o
1922;1922;1586;d
1923;1923;1587;o
1924;1924;1588;o
1925;1925;1589;o
1926;1926;1589;d
1927;1927;1590;o
1928;1928;1590;d
1929;1929;1591;o
1930;1930;1592;o
1931;1931;1593;o
1932;1932;1594;o
1934;1934;1596;o
1935;1935;1597;o
1936;1936;1598;o
1937;1937;1598;d
1938;1938;1599;o
1939;1939;1600;o
1940;1940;1600;d
1941;1941;1601;o
1942;1942;1601;d
1943;1943;1602;o
1944;1944;1603;o
1945;1945;1604;o
1946;1946;1605;o
1947;1947;1606;o
1948;1948;1607;o
1949;1949;1607;d
1950;1950;1608;o
1951;1951;1609;o
1952;1952;1610;o
1953;1953;1610;d
1954;1954;1611;o
1955;1955;1612;o
1956;1956;1613;o
1957;1957;1614;o
1958;1958;1614;d
1959;1959;1615;o
1960;1960;1616;o
1961;1961;1617;o
1962;1962;1618;o
1963;1963;1619;o
1964;1964;1620;o
1965;1965;1621;o
1966;1966;1622;o
1967;1967;1623;o
1968;1968;1623;d
1969;1969;1624;o
1970;1970;1625;o
1971;1971;1626;o
1972;1972;1627;o
1973;1973;1628;o
1974;1974;1629;o
1975;1975;1629;d
1976;1976;1630;o
1977;1977;1631;o
1978;1978;1632;o
1979;1979;1633;o
1980;1980;1634;o
1981;1981;1635;o
1982;1982;1636;o
1983;1983;1636;d
1984;1984;1637;o
1985;1985;1638;o
1986;1986;1638;d
1988;1988;1640;o
1989;1989;1641;o
1990;1990;1641;d
1991;1991;1642;o
1993;1993;1644;o
1994;1994;1644;d
1995;1995;1645;o
1996;1996;1646;o
1997;1997;1647;o
1998;1998;1648;o
1999;1999;1649;o
2000;2000;1650;o
2001;2001;1651;o
2002;2002;1652;o
2003;2003;1652;d
2004;2004;1653;o
2005;2005;1654;o
2006;2006;1655;o
2007;2007;1655;d
2008;2008;1656;o
2009;2009;1657;o
2010;2010;1658;o
2011;2011;1659;o
2012;2012;1659;d
2013;2013;1660;o
2015;2015;1662;o
2016;2016;1663;o
2017;2017;1663;d
2018;2018;1664;o
2019;2019;1665;o
2020;2020;1665;d
2021;2021;1666;o
2022;2022;1667;o
2023;2023;1667;d
2024;2024;1668;o
2025;2025;1669;o
2026;2026;1669;d
2027;2027;1670;o
2028;2028;1670;d
2029;2029;1671;o
2030;2030;1672;o
2031;2031;1673;o
2032;2032;1674;o
2033;2033;1674;d
2034;2034;1675;o
2035;2035;1675;d
2037;2037;1677;o
2038;2038;1678;o
2039;2039;1679;o
2040;2040;1680;o
2041;2041;1681;o
2042;2042;1682;o
2043;2043;1683;o
2044;2044;1684;o
2045;2045;1685;o
2046;2046;1685;d
2047;2047;1686;o
2048;2048;1687;o
2049;2049;1688;o
2050;2050;1688;d
2051;2051;1689;o
2052;2052;1689;d
2053;2053;1690;o
2054;2054;1691;o
2055;2055;1692;o
2056;2056;1693;o
2057;2057;1694;o
2058;2058;1695;o
2059;2059;1696;o
2060;2060;1696;d
2061;2061;1697;o
2062;2062;1697;d
2063;2063;1698;o
2064;2064;1699;o
2065;2065;1700;o
2066;2066;1701;o
2067;2067;1702;o
2068;2068;1703;o
2069;2069;1704;o
2070;2070;1705;o
2071;2071;1706;o
2072;2072;1707;o
2073;2073;1708;o
2074;2074;1709;o
2075;2075;1710;o
2076;2076;1711;o
2077;2077;1712;o
2078;2078;1713;o
2079;2079;1714;o
2080;2080;1715;o
2081;2081;1716;o
2082;2082;1717;o
2083;2083;1718;o
2084;2084;1719;o
2085;2085;1719;d
2086;2086;1720;o
2087;2087;1721;o
2088;2088;1722;o
2089;2089;1723;o
2090;2090;1723;d
2091;2091;1724;o
2092;2092;1725;o
2093;2093;1726;o
2094;2094;1726;d
2095;2095;1727;o
2096;2096;1728;o
2097;2097;1729;o
2098;2098;1729;d
2099;2099;1730;o
2100;2100;1731;o
2101;2101;1731;d
2102;2102;1732;o
2103;2103;1733;o
2104;2104;1734;o
2105;2105;1735;o
2106;2106;1736;o
2107;2107;1736;d
2108;2108;1737;o
2109;2109;1738;o
2110;2110;1739;o
2111;2111;1740;o
2112;2112;1741;o
2113;2113;1742;o
2114;2114;1743;o
2115;2115;1743;d
2116;2116;1744;o
2117;2117;1745;o
2118;2118;1746;o
2119;2119;1747;o
2121;2121;1749;o
2122;2122;1750;o
2123;2123;1751;o
2124;2124;1752;o
2125;2125;1753;o
2126;2126;1754;o
2128;2128;1756;o
2129;2129;1757;o
2130;2130;1758;o
2131;2131;1759;o
2132;2132;1759;d
2133;2133;1760;o
2134;2134;1760;d
2135;2135;1761;o
2136;2136;1762;o
2137;2137;1763;o
2138;2138;1764;o
2139;2139;1765;o
2140;2140;1765;d
2141;2141;1766;o
2142;2142;1767;o
2143;2143;1767;d
2144;2144;1768;o
2145;2145;1769;o
2146;2146;1770;o
2147;2147;1771;o
2148;2148;1772;o
2149;2149;1773;o
2150;2150;1774;o
2151;2151;1774;d
2152;2152;1775;o
2153;2153;1776;o
2154;2154;1777;o
2155;2155;1778;o
2156;2156;1779;o
2157;2157;1780;o
2158;2158;1781;o
2159;2159;1782;o
2160;2160;1783;o
2161;2161;1784;o
2162;2162;1784;d
2163;2163;1785;o
2164;2164;1786;o
2165;2165;1786;d
2166;2166;1787;o
2167;2167;1788;o
2168;2168;1789;o
2169;2169;1789;d
2170;2170;1790;o
2171;2171;1791;o
2172;2172;1792;o
2173;2173;1793;o
2174;2174;1794;o
2175;2175;1795;o
2176;2176;1796;o
2177;2177;1797;o
2178;2178;1798;o
2179;2179;1799;o
2180;2180;1800;o
2181;2181;1801;o
2182;2182;1802;o
2183;2183;1802;d
2184;2184;1803;o
2185;2185;1804;o
2186;2186;1805;o
2187;2187;1806;o
2188;2188;1806;d
2189;2189;1807;o
2190;2190;1808;o
2191;2191;1808;d
2192;2192;1809;o
2193;2193;1809;d
2194;2194;1810;o
2195;2195;1811;o
2196;2196;1812;o
2197;2197;1813;o
2198;2198;1814;o
2199;2199;1814;d
2200;2200;1815;o
2201;2201;1816;o
2202;2202;1816;d
2203;2203;1817;o
2204;2204;1818;o
2205;2205;1819;o
2206;2206;1820;o
2207;2207;1821;o
2208;2208;1821;d
2209;2209;1822;o
2210;2210;1822;d
2211;2211;1823;o
2212;2212;1824;o
2213;2213;1825;o
2214;2214;1826;o
2215;2215;1827;o
2216;2216;1828;o
2217;2217;1828;d
2218;2218;1829;o
2219;2219;1829;d
2220;2220;1830;o
2221;2221;1830;d
2222;2222;1831;o
2223;2223;1832;o
2224;2224;1833;o
2225;2225;1834;o
2226;2226;1835;o
2227;2227;1836;o
2228;2228;1837;o
2229;2229;1838;o
2230;2230;1839;o
2231;2231;1840;o
2232;2232;1841;o
2233;2233;1841;d
2235;2235;1843;o
2236;2236;1844;o
2237;2237;1845;o
2238;2238;1845;d
2239;2239;1846;o
2240;2240;1847;o
2241;2241;1847;d
2242;2242;1848;o
2243;2243;1848;d
2246;2246;1851;o
2247;2247;1852;o
2248;2248;1853;o
2249;2249;1854;o
2250;2250;1855;o
2251;2251;1856;o
2252;2252;1857;o
2253;2253;1857;d
2254;2254;1858;o
2255;2255;1859;o
2256;2256;1860;o
2257;2257;1861;o
2258;2258;1861;d
2259;2259;1862;o
2260;2260;1863;o
2261;2261;1863;d
2263;2263;1865;o
2264;2264;1866;o
2265;2265;1867;o
2266;2266;1868;o
2267;2267;1869;o
2268;2268;1870;o
2269;2269;1871;o
2270;2270;1872;o
2271;2271;1872;d
2274;2274;1874;o
2275;2275;1874;d
2276;2276;1875;o
2277;2277;1876;o
2278;2278;1877;o
2279;2279;1878;o
2280;2280;1879;o
2281;2281;1880;o
2282;2282;1881;o
2283;2283;1882;o
2286;2286;1884;o
2287;2287;1885;o
2288;2288;1886;o
2289;2289;1886;d
2290;2290;1887;o
2291;2291;1888;o
2292;2292;1889;o
2293;2293;1890;o
2294;2294;1891;o
2295;2295;1892;o
2296;2296;1892;d
2297;2297;1893;o
2298;2298;1893;d
2299;2299;1894;o
2300;2300;1895;o
2301;2301;1895;d
2302;2302;1896;o
2303;2303;1897;o
2304;2304;1897;d
2305;2305;1898;o
2306;2306;1898;d
2307;2307;1899;o
2308;2308;1900;o
2309;2309;1901;o
2310;2310;1902;o
2311;2311;1902;d
2312;2312;1903;o
2313;2313;1904;o
2314;2314;1905;o
2315;2315;1905;d
2316;2316;1906;o
2317;2317;1907;o
2318;2318;1908;o
2319;2319;1909;o
2320;2320;1910;o
2321;2321;1911;o
2322;2322;1912;o
2323;2323;1913;o
2324;2324;1914;o
2325;2325;1915;o
2326;2326;1916;o
2327;2327;1917;o
2328;2328;1918;o
2329;2329;1919;o
2330;2330;1920;o
2331;2331;1921;o
2332;2332;1922;o
2333;2333;1922;d
2335;2335;1924;o
2336;2336;1925;o
2337;2337;1925;d
2338;2338;1926;o
2339;2339;1926;d
2340;2340;1927;o
2341;2341;1927;d
2342;2342;1928;o
2343;2343;1929;o
2344;2344;1930;o
2345;2345;1931;o
2346;2346;1931;d
2347;2347;1932;o
2348;2348;1933;o
2349;2349;1934;o
2350;2350;1934;d
2351;2351;1935;o
2352;2352;1936;o
2353;2353;1937;o
2354;2354;1938;o
2355;2355;1939;o
2356;2356;1940;o
2357;2357;1940;d
2358;2358;1941;o
2359;2359;1941;d
2361;2361;1943;o
2362;2362;1943;d
2363;2363;1944;o
2364;2364;1945;o
2365;2365;1946;o
2366;2366;1947;o
2367;2367;1947;d
2368;2368;1948;o
2369;2369;1948;d
2370;2370;1949;o
2371;2371;1950;o
2372;2372;1951;o
2373;2373;1952;o
2374;2374;1953;o
2375;2375;1954;o
2376;2376;1954;d
2377;2377;1955;o
2378;2378;1956;o
2379;2379;1957;o
2380;2380;1958;o
2381;2381;1958;d
2382;2382;1959;o
2383;2383;1960;o
2384;2384;1960;d
2385;2385;1961;o
2386;2386;1961;d
2387;2387;1962;o
2388;2388;1963;o
2389;2389;1964;o
2390;2390;1965;o
2391;2391;1966;o
2392;2392;1967;o
2393;2393;1968;o
2394;2394;1969;o
2395;2395;1970;o
2396;2396;1971;o
2397;2397;1972;o
2398;2398;1973;o
2399;2399;1974;o
2400;2400;1975;o
2401;2401;1976;o
2402;2402;1977;o
2403;2403;1978;o
2404;2404;1979;o
2405;2405;1979;d
2406;2406;1980;o
2407;2407;1981;o
2408;2408;1982;o
2409;2409;1983;o
2410;2410;1984;o
2411;2411;1984;d
2412;2412;1985;o
2413;2413;1986;o
2414;2414;1987;o
2415;2415;1987;d
2416;2416;1988;o
2417;2417;1989;o
2418;2418;1990;o
2419;2419;1991;o
2420;2420;1992;o
2421;2421;1992;d
2422;2422;1993;o
2423;2423;1994;o
2424;2424;1995;o
2425;2425;1996;o
2426;2426;1997;o
2427;2427;1997;d
2428;2428;1998;o
2429;2429;1999;o
2430;2430;2000;o
2431;2431;2001;o
2432;2432;2002;o
2433;2433;2003;o
2434;2434;2004;o
2435;2435;2005;o
2436;2436;2006;o
2437;2437;2007;o
2438;2438;2008;o
2439;2439;2008;d
2440;2440;2009;o
2441;2441;2010;o
2442;2442;2010;d
2443;2443;2011;o
2444;2444;2012;o
2445;2445;2013;o
2447;2447;2015;o
2448;2448;2015;d
2449;2449;2016;o
2450;2450;2017;o
2451;2451;2018;o
2452;2452;2019;o
2453;2453;2020;o
2454;2454;2021;o
2455;2455;2022;o
2456;2456;2022;d
2457;2457;2023;o
2458;2458;2023;d
2459;2459;2024;o
2460;2460;2025;o
2461;2461;2026;o
2462;2462;2027;o
2463;2463;2028;o
2464;2464;2029;o
2465;2465;2030;o
2467;2467;2032;o
2468;2468;2033;o
2469;2469;2034;o
2470;2470;2035;o
2471;2471;2035;d
2472;2472;2036;o
2473;2473;2037;o
2474;2474;2038;o
2475;2475;2039;o
2476;2476;2040;o
2477;2477;2040;d
2478;2478;2041;o
2479;2479;2042;o
2480;2480;2043;o
2481;2481;2044;o
2482;2482;2045;o
2483;2483;2045;d
2484;2484;2046;o
2485;2485;2047;o
2486;2486;2048;o
2487;2487;2049;o
2488;2488;2050;o
2489;2489;2051;o
2490;2490;2052;o
2491;2491;2053;o
2492;2492;2053;d
2493;2493;2054;o
2494;2494;2055;o
2495;2495;2056;o
2496;2496;2057;o
2497;2497;2058;o
2498;2498;2059;o
2499;2499;2060;o
2500;2500;2061;o
2501;2501;2062;o
2502;2502;2063;o
2503;2503;2064;o
2504;2504;2065;o
2505;2505;2066;o
2506;2506;2067;o
2507;2507;2068;o
2508;2508;2069;o
2509;2509;2069;d
2510;2510;2070;o
2511;2511;2071;o
2512;2512;2071;d
2513;2513;2072;o
2514;2514;2073;o
2515;2515;2074;o
2516;2516;2075;o
2517;2517;2076;o
2518;2518;2076;d
2519;2519;2077;o
2520;2520;2078;o
2521;2521;2079;o
2522;2522;2080;o
2523;2523;2080;d
2524;2524;2081;o
2525;2525;2082;o
2526;2526;2083;o
2527;2527;2084;o
2528;2528;2085;o
2529;2529;2086;o
2530;2530;2087;o
2531;2531;2088;o
2532;2532;2089;o
2533;2533;2090;o
2534;2534;2091;o
2535;2535;2092;o
2536;2536;2093;o
2537;2537;2094;o
2538;2538;2095;o
2539;2539;2096;o
2540;2540;2097;o
2542;2542;2099;o
2543;2543;2099;d
2545;2545;2101;o
2546;2546;2102;o
2547;2547;2103;o
2548;2548;2104;o
2549;2549;2105;o
2550;2550;2106;o
2551;2551;2107;o
2552;2552;2108;o
2553;2553;2109;o
2554;2554;2110;o
2555;2555;2111;o
2556;2556;2112;o
2557;2557;2113;o
2558;2558;2114;o
2559;2559;2115;o
2560;2560;2116;o
2561;2561;2117;o
2562;2562;2118;o
2563;2563;2119;o
2565;2565;2121;o
2566;2566;2122;o
2567;2567;2123;o
2568;2568;2123;d
2569;2569;2124;o
2570;2570;2124;d
2571;2571;2125;o
2572;2572;2126;o
2573;2573;2127;o
2574;2574;2128;o
2576;2576;2130;o
2577;2577;2131;o
2578;2578;2132;o
2579;2579;2133;o
2580;2580;2133;d
2581;2581;2134;o
2582;2582;2135;o
2583;2583;2136;o
2584;2584;2137;o
2585;2585;2138;o
2586;2586;2139;o
2587;2587;2139;d
2588;2588;2140;o
2589;2589;2141;o
2590;2590;2142;o
2591;2591;2142;d
2592;2592;2143;o
2593;2593;2143;d
2594;2594;2144;o
2596;2596;2146;o
2597;2597;2147;o
2598;2598;2147;d
2599;2599;2148;o
2600;2600;2149;o
2601;2601;2150;o
2602;2602;2150;d
2603;2603;2151;o
2604;2604;2152;o
2605;2605;2152;d
2606;2606;2153;o
2607;2607;2154;o
2608;2608;2155;o
2609;2609;2156;o
2610;2610;2156;d
2611;2611;2157;o
2612;2612;2158;o
2613;2613;2159;o
2614;2614;2160;o
2615;2615;2161;o
2616;2616;2162;o
2617;2617;2162;d
2618;2618;2163;o
2619;2619;2164;o
2620;2620;2164;d
2621;2621;2165;o
2622;2622;2166;o
2623;2623;2167;o
2625;2625;2169;o
2626;2626;2170;o
2628;2628;2172;o
2629;2629;2172;d
2630;2630;2173;o
2631;2631;2174;o
2632;2632;2174;d
2633;2633;2175;o
2635;2635;2176;o
2636;2636;2177;o
2637;2637;2178;o
2638;2638;2179;o
2639;2639;2180;o
2640;2640;2180;d
2642;2642;2182;o
2643;2643;2183;o
2644;2644;2184;o
2645;2645;2185;o
2646;2646;2186;o
2647;2647;2187;o
2648;2648;2187;d
2650;2650;2189;o
2651;2651;2189;d
2652;2652;2190;o
2653;2653;2191;o
2654;2654;2192;o
2655;2655;2193;o
2656;2656;2194;o
2657;2657;2195;o
2658;2658;2196;o
2659;2659;2197;o
2661;2661;2199;o
2662;2662;2200;o
2663;2663;2201;o
2666;2666;2203;o
2667;2667;2204;o
2668;2668;2204;d
2669;2669;2205;o
2670;2670;2206;o
2671;2671;2207;o
2672;2672;2208;o
2673;2673;2209;o
2674;2674;2209;d
2675;2675;2210;o
2676;2676;2211;o
2677;2677;2212;o
2678;2678;2212;d
2679;2679;2213;o
2680;2680;2213;d
2681;2681;2214;o
2682;2682;2214;d
2683;2683;2215;o
2684;2684;2216;o
2685;2685;2217;o
2686;2686;2218;o
2687;2687;2218;d
2688;2688;2219;o
2689;2689;2220;o
2690;2690;2221;o
2691;2691;2222;o
2692;2692;2223;o
2693;2693;2224;o
2694;2694;2225;o
2695;2695;2225;d
2696;2696;2226;o
2697;2697;2226;d
2698;2698;2227;o
2699;2699;2227;d
2700;2700;2228;o
2701;2701;2229;o
2702;2702;2230;o
2703;2703;2231;o
2704;2704;2232;o
2705;2705;2233;o
2706;2706;2234;o
2707;2707;2235;o
2708;2708;2236;o
2709;2709;2237;o
2712;2712;2239;o
2713;2713;2240;o
2714;2714;2241;o
2715;2715;2242;o
2716;2716;2243;o
2717;2717;2244;o
2718;2718;2244;d
2719;2719;2245;o
2720;2720;2246;o
2721;2721;2247;o
2724;2724;2250;o
2726;2726;2252;o
2727;2727;2252;d
2728;2728;2253;o
2729;2729;2254;o
2730;2730;2255;o
2731;2731;2256;o
2732;2732;2257;o
2733;2733;2258;o
2734;2734;2258;d
2735;2735;2259;o
2736;2736;2260;o
2738;2738;2261;o
2739;2739;2262;o
2740;2740;2263;o
2741;2741;2264;o
2742;2742;2265;o
2743;2743;2266;o
2744;2744;2266;d
2745;2745;2267;o
2746;2746;2268;o
2747;2747;2269;o
2748;2748;2269;d
2749;2749;2270;o
2750;2750;2270;d
2751;2751;2271;o
2752;2752;2272;o
2754;2754;2274;o
2755;2755;2275;o
2756;2756;2276;o
2758;2758;2278;o
2759;2759;2279;o
2760;2760;2280;o
2761;2761;2281;o
2762;2762;2282;o
2765;2765;2285;o
2766;2766;2286;o
2767;2767;2286;d
2768;2768;2287;o
2769;2769;2288;o
2770;2770;2289;o
2771;2771;2290;o
2772;2772;2290;d
2773;2773;2291;o
2774;2774;2291;d
2775;2775;2292;o
2776;2776;2293;o
2777;2777;2294;o
2778;2778;2295;o
2779;2779;2296;o
2780;2780;2296;d
2781;2781;2297;o
2782;2782;2298;o
2783;2783;2299;o
2784;2784;2300;o
2785;2785;2301;o
2786;2786;2302;o
2787;2787;2303;o
2788;2788;2304;o
2789;2789;2305;o
2790;2790;2306;o
2791;2791;2307;o
2794;2794;2309;o
2795;2795;2309;d
2796;2796;2310;o
2797;2797;2311;o
2798;2798;2312;o
2799;2799;2313;o
2800;2800;2314;o
2801;2801;2315;o
2802;2802;2316;o
2803;2803;2317;o
2804;2804;2317;d
2805;2805;2318;o
2806;2806;2319;o
2808;2808;2321;o
2809;2809;2322;o
2810;2810;2323;o
2811;2811;2324;o
2812;2812;2325;o
2813;2813;2326;o
2814;2814;2327;o
2815;2815;2328;o
2816;2816;2328;d
2817;2817;2329;o
2818;2818;2330;o
2819;2819;2331;o
2820;2820;2332;o
2821;2821;2333;o
2822;2822;2334;o
2823;2823;2335;o
2824;2824;2336;o
2825;2825;2337;o
2826;2826;2338;o
2827;2827;2339;o
2828;2828;2340;o
2829;2829;2341;o
2830;2830;2342;o
2831;2831;2343;o
2832;2832;2344;o
2833;2833;2344;d
2834;2834;2345;o
2835;2835;2346;o
2836;2836;2347;o
2837;2837;2347;d
2838;2838;2348;o
2839;2839;2349;o
2840;2840;2349;d
2841;2841;2350;o
2842;2842;2351;o
2843;2843;2352;o
2844;2844;2353;o
2845;2845;2354;o
2846;2846;2355;o
2847;2847;2356;o
2848;2848;2356;d
2849;2849;2357;o
2850;2850;2358;o
2851;2851;2359;o
2852;2852;2360;o
2853;2853;2361;o
2854;2854;2362;o
2855;2855;2362;d
2856;2856;2363;o
2857;2857;2364;o
2858;2858;2365;o
2859;2859;2366;o
2860;2860;2367;o
2862;2862;2369;o
2863;2863;2369;d
2864;2864;2370;o
2865;2865;2371;o
2866;2866;2371;d
2867;2867;2372;o
2868;2868;2373;o
2869;2869;2374;o
2870;2870;2375;o
2871;2871;2376;o
2872;2872;2377;o
2873;2873;2378;o
2874;2874;2379;o
2875;2875;2380;o
2876;2876;2381;o
2877;2877;2382;o
2878;2878;2383;o
2879;2879;2384;o
2880;2880;2385;o
2881;2881;2386;o
2882;2882;2387;o
2883;2883;2388;o
2884;2884;2389;o
2885;2885;2390;o
2886;2886;2390;d
2887;2887;2391;o
2888;2888;2392;o
2889;2889;2393;o
2890;2890;2394;o
2891;2891;2394;d
2892;2892;2395;o
2893;2893;2396;o
2894;2894;2397;o
2895;2895;2398;o
2896;2896;2399;o
2897;2897;2400;o
2898;2898;2400;d
2899;2899;2401;o
2900;2900;2402;o
2901;2901;2403;o
2902;2902;2404;o
2903;2903;2404;d
2904;2904;2405;o
2905;2905;2405;d
2906;2906;2406;o
2907;2907;2406;d
2908;2908;2407;o
2909;2909;2408;o
2910;2910;2409;o
2911;2911;2410;o
2912;2912;2410;d
2913;2913;2411;o
2915;2915;2413;o
2916;2916;2414;o
2917;2917;2415;o
2918;2918;2416;o
2919;2919;2416;d
2920;2920;2417;o
2921;2921;2418;o
2922;2922;2419;o
2923;2923;2420;o
2924;2924;2421;o
2925;2925;2421;d
2926;2926;2422;o
2927;2927;2422;d
2928;2928;2423;o
2929;2929;2424;o
2930;2930;2425;o
2932;2932;2427;o
2933;2933;2428;o
2934;2934;2428;d
2935;2935;2429;o
2936;2936;2430;o
2937;2937;2431;o
2938;2938;2432;o
2939;2939;2433;o
2940;2940;2434;o
2941;2941;2435;o
2942;2942;2436;o
2943;2943;2437;o
2944;2944;2438;o
2945;2945;2439;o
2946;2946;2439;d
2947;2947;2440;o
2948;2948;2441;o
2949;2949;2442;o
2950;2950;2443;o
2951;2951;2444;o
2952;2952;2445;o
2953;2953;2446;o
2954;2954;2447;o
2955;2955;2447;d
2956;2956;2448;o
2957;2957;2449;o
2958;2958;2450;o
2959;2959;2451;o
2960;2960;2452;o
2961;2961;2452;d
2962;2962;2453;o
2963;2963;2453;d
2964;2964;2454;o
2965;2965;2455;o
2966;2966;2456;o
2967;2967;2457;o
2968;2968;2458;o
2969;2969;2459;o
2970;2970;2459;d
2971;2971;2460;o
2972;2972;2461;o
2974;2974;2463;o
2975;2975;2464;o
2976;2976;2465;o
2977;2977;2466;o
2978;2978;2467;o
2979;2979;2468;o
2980;2980;2469;o
2981;2981;2470;o
2982;2982;2471;o
2983;2983;2471;d
2984;2984;2472;o
2985;2985;2472;d
2986;2986;2473;o
2987;2987;2473;d
2988;2988;2474;o
2989;2989;2475;o
2990;2990;2476;o
2991;2991;2476;d
2992;2992;2477;o
2994;2994;2479;o
2995;2995;2480;o
2996;2996;2481;o
2997;2997;2482;o
2998;2998;2483;o
2999;2999;2484;o
3000;3000;2485;o
3001;3001;2486;o
3002;3002;2487;o
3003;3003;2488;o
3004;3004;2488;d
3005;3005;2489;o
3006;3006;2490;o
3007;3007;2491;o
3008;3008;2492;o
3009;3009;2493;o
3010;3010;2493;d
3011;3011;2494;o
3012;3012;2495;o
3013;3013;2496;o
3014;3014;2496;d
3015;3015;2497;o
3016;3016;2498;o
3017;3017;2499;o
3018;3018;2500;o
3019;3019;2501;o
3020;3020;2502;o
3021;3021;2503;o
3022;3022;2503;d
3023;3023;2504;o
3024;3024;2505;o
3025;3025;2505;d
3026;3026;2506;o
3027;3027;2507;o
3028;3028;2508;o
3029;3029;2509;o
3030;3030;2510;o
3031;3031;2511;o
3032;3032;2511;d
3035;3035;2513;o
3036;3036;2514;o
3037;3037;2515;o
3038;3038;2516;o
3039;3039;2517;o
3041;3041;2519;o
3042;3042;2520;o
3043;3043;2521;o
3044;3044;2522;o
3045;3045;2523;o
3046;3046;2524;o
3047;3047;2525;o
3048;3048;2526;o
3049;3049;2527;o
3050;3050;2527;d
3051;3051;2528;o
3054;3054;2530;o
3055;3055;2531;o
3056;3056;2532;o
3057;3057;2532;d
3058;3058;2533;o
3059;3059;2534;o
3060;3060;2535;o
3061;3061;2535;d
3062;3062;2536;o
3063;3063;2537;o
3064;3064;2538;o
3065;3065;2539;o
3066;3066;2540;o
3067;3067;2541;o
3068;3068;2541;d
3069;3069;2542;o
3070;3070;2543;o
3071;3071;2544;o
3072;3072;2545;o
3073;3073;2545;d
3074;3074;2546;o
3075;3075;2547;o
3076;3076;2548;o
3077;3077;2549;o
3078;3078;2549;d
3079;3079;2550;o
3080;3080;2551;o
3081;3081;2551;d
3082;3082;2552;o
3083;3083;2553;o
3084;3084;2554;o
3085;3085;2555;o
3086;3086;2555;d
3087;3087;2556;o
3088;3088;2557;o
3089;3089;2558;o
3090;3090;2559;o
3091;3091;2560;o
3092;3092;2561;o
3093;3093;2562;o
3094;3094;2563;o
3095;3095;2564;o
3096;3096;2565;o
3097;3097;2566;o
3098;3098;2567;o
3099;3099;2568;o
3100;3100;2569;o
3101;3101;2570;o
3102;3102;2571;o
3103;3103;2572;o
3104;3104;2573;o
3105;3105;2574;o
3106;3106;2575;o
3107;3107;2576;o
3108;3108;2576;d
3109;3109;2577;o
3110;3110;2578;o
3111;3111;2578;d
3112;3112;2579;o
3113;3113;2580;o
3114;3114;2580;d
3115;3115;2581;o
3116;3116;2582;o
3117;3117;2583;o
3118;3118;2583;d
3119;3119;2584;o
3120;3120;2585;o
3121;3121;2586;o
3122;3122;2586;d
3123;3123;2587;o
3124;3124;2588;o
3125;3125;2589;o
3126;3126;2590;o
3127;3127;2591;o
3128;3128;2592;o
3129;3129;2593;o
3130;3130;2594;o
3131;3131;2595;o
3132;3132;2596;o
3133;3133;2597;o
3134;3134;2598;o
3135;3135;2599;o
3136;3136;2600;o
3137;3137;2601;o
3138;3138;2601;d
3139;3139;2602;o
3140;3140;2602;d
3141;3141;2603;o
3142;3142;2604;o
3143;3143;2605;o
3144;3144;2606;o
3145;3145;2606;d
3146;3146;2607;o
3147;3147;2608;o
3148;3148;2609;o
3149;3149;2609;d
3150;3150;2610;o
3151;3151;2611;o
3152;3152;2612;o
3153;3153;2613;o
3154;3154;2613;d
3155;3155;2614;o
3156;3156;2615;o
3157;3157;2616;o
3158;3158;2617;o
3159;3159;2618;o
3160;3160;2619;o
3161;3161;2620;o
3162;3162;2621;o
3163;3163;2622;o
3164;3164;2622;d
3165;3165;2623;o
3166;3166;2624;o
3167;3167;2625;o
3170;3170;2627;o
3171;3171;2627;d
3172;3172;2628;o
3173;3173;2629;o
3174;3174;2629;d
3175;3175;2630;o
3176;3176;2631;o
3177;3177;2632;o
3178;3178;2633;o
3179;3179;2634;o
3180;3180;2634;d
3181;3181;2635;o
3182;3182;2636;o
3183;3183;2637;o
3184;3184;2638;o
3185;3185;2639;o
3186;3186;2640;o
3187;3187;2641;o
3188;3188;2642;o
3190;3190;2644;o
3191;3191;2645;o
3192;3192;2646;o
3193;3193;2647;o
3194;3194;2648;o
3195;3195;2649;o
3196;3196;2650;o
3197;3197;2651;o
3198;3198;2651;d
3199;3199;2652;o
3200;3200;2652;d
3201;3201;2653;o
3202;3202;2654;o
3203;3203;2655;o
3204;3204;2655;d
3205;3205;2656;o
3206;3206;2656;d
3207;3207;2657;o
3208;3208;2658;o
3209;3209;2658;d
3210;3210;2659;o
3211;3211;2660;o
3213;3213;2661;o
3214;3214;2662;o
3215;3215;2663;o
3216;3216;2664;o
3217;3217;2665;o
3218;3218;2666;o
3219;3219;2666;d
3220;3220;2667;o
3221;3221;2667;d
3222;3222;2668;o
3225;3225;2670;o
3226;3226;2671;o
3227;3227;2672;o
3228;3228;2673;o
3229;3229;2674;o
3230;3230;2675;o
3231;3231;2676;o
3232;3232;2677;o
3233;3233;2678;o
3234;3234;2679;o
3235;3235;2680;o
3236;3236;2681;o
3239;3239;2684;o
3240;3240;2685;o
3241;3241;2686;o
3242;3242;2686;d
3243;3243;2687;o
3244;3244;2688;o
3245;3245;2689;o
3246;3246;2690;o
3247;3247;2691;o
3248;3248;2692;o
3249;3249;2693;o
3250;3250;2693;d
3251;3251;2694;o
3252;3252;2694;d
3253;3253;2695;o
3254;3254;2696;o
3255;3255;2697;o
3256;3256;2698;o
3257;3257;2699;o
3258;3258;2700;o
3259;3259;2701;o
3260;3260;2702;o
3261;3261;2702;d
3262;3262;2703;o
3264;3264;2705;o
3265;3265;2706;o
3266;3266;2706;d
3267;3267;2707;o
3268;3268;2708;o
3269;3269;2709;o
3270;3270;2710;o
3271;3271;2711;o
3272;3272;2712;o
3273;3273;2712;d
3274;3274;2713;o
3275;3275;2713;d
3276;3276;2714;o
3277;3277;2715;o
3278;3278;2715;d
3279;3279;2716;o
3280;3280;2716;d
3281;3281;2717;o
3282;3282;2718;o
3283;3283;2719;o
3284;3284;2720;o
3285;3285;2720;d
3286;3286;2721;o
3287;3287;2721;d
3288;3288;2722;o
3289;3289;2723;o
3290;3290;2724;o
3291;3291;2725;o
3292;3292;2726;o
3293;3293;2727;o
3294;3294;2728;o
3295;3295;2729;o
3296;3296;2730;o
3297;3297;2731;o
3298;3298;2732;o
3299;3299;2733;o
3300;3300;2734;o
3302;3302;2736;o
3303;3303;2736;d
3304;3304;2737;o
3305;3305;2738;o
3306;3306;2739;o
3307;3307;2740;o
3308;3308;2741;o
3309;3309;2741;d
3310;3310;2742;o
3311;3311;2743;o
3312;3312;2744;o
3313;3313;2745;o
3314;3314;2746;o
3315;3315;2746;d
3316;3316;2747;o
3317;3317;2747;d
3319;3319;2749;o
3320;3320;2749;d
3321;3321;2750;o
3322;3322;2751;o
3323;3323;2752;o
3324;3324;2753;o
3325;3325;2753;d
3326;3326;2754;o
3327;3327;2755;o
3328;3328;2756;o
3329;3329;2757;o
3330;3330;2757;d
3331;3331;2758;o
3332;3332;2759;o
3333;3333;2760;o
3334;3334;2761;o
3335;3335;2762;o
3336;3336;2763;o
3337;3337;2764;o
3338;3338;2765;o
3339;3339;2766;o
3340;3340;2767;o
3341;3341;2767;d
3342;3342;2768;o
3344;3344;2770;o
3345;3345;2771;o
3346;3346;2771;d
3347;3347;2772;o
3348;3348;2773;o
3349;3349;2774;o
3350;3350;2775;o
3351;3351;2775;d
3352;3352;2776;o
3353;3353;2776;d
3354;3354;2777;o
3355;3355;2778;o
3356;3356;2779;o
3357;3357;2780;o
3358;3358;2781;o
3359;3359;2782;o
3360;3360;2783;o
3361;3361;2784;o
3365;3365;2787;o
3366;3366;2788;o
3367;3367;2788;d
3368;3368;2789;o
3369;3369;2790;o
3370;3370;2791;o
3371;3371;2791;d
3372;3372;2792;o
3373;3373;2793;o
3374;3374;2793;d
3375;3375;2794;o
3376;3376;2795;o
3377;3377;2795;d
3378;3378;2796;o
3379;3379;2796;d
3380;3380;2797;o
3381;3381;2798;o
3382;3382;2799;o
3383;3383;2799;d
3384;3384;2800;o
3385;3385;2801;o
3386;3386;2802;o
3387;3387;2803;o
3388;3388;2804;o
3389;3389;2805;o
3390;3390;2806;o
3391;3391;2807;o
3392;3392;2808;o
3393;3393;2809;o
3394;3394;2810;o
3395;3395;2811;o
3396;3396;2812;o
3397;3397;2813;o
3398;3398;2813;d
3399;3399;2814;o
3402;3402;2816;o
3403;3403;2816;d
3404;3404;2817;o
3405;3405;2818;o
3406;3406;2818;d
3407;3407;2819;o
3408;3408;2819;d
3409;3409;2820;o
3410;3410;2821;o
3412;3412;2823;o
3413;3413;2823;d
3414;3414;2824;o
3415;3415;2825;o
3416;3416;2826;o
3417;3417;2826;d
3418;3418;2827;o
3420;3420;2829;o
3421;3421;2830;o
3422;3422;2831;o
3423;3423;2832;o
3424;3424;2833;o
3425;3425;2834;o
3426;3426;2835;o
3427;3427;2836;o
3428;3428;2836;d
3429;3429;2837;o
3430;3430;2838;o
3431;3431;2839;o
3432;3432;2840;o
3433;3433;2841;o
3434;3434;2841;d
3435;3435;2842;o
3436;3436;2843;o
3437;3437;2843;d
3438;3438;2844;o
3439;3439;2845;o
3440;3440;2846;o
3441;3441;2847;o
3443;3443;2849;o
3444;3444;2850;o
3445;3445;2851;o
3446;3446;2852;o
3447;3447;2853;o
3448;3448;2854;o
3449;3449;2855;o
3450;3450;2856;o
3451;3451;2857;o
3452;3452;2857;d
3453;3453;2858;o
3454;3454;2859;o
3455;3455;2859;d
3456;3456;2860;o
3457;3457;2861;o
3458;3458;2862;o
3459;3459;2863;o
3460;3460;2863;d
3461;3461;2864;o
3462;3462;2864;d
3463;3463;2865;o
3464;3464;2866;o
3465;3465;2867;o
3466;3466;2868;o
3467;3467;2868;d
3468;3468;2869;o
3469;3469;2870;o
3470;3470;2871;o
3471;3471;2872;o
3472;3472;2873;o
3473;3473;2873;d
3474;3474;2874;o
3475;3475;2875;o
3476;3476;2876;o
3477;3477;2877;o
3478;3478;2878;o
3479;3479;2878;d
3480;3480;2879;o
3481;3481;2879;d
3482;3482;2880;o
3483;3483;2881;o
3484;3484;2882;o
3485;3485;2883;o
3486;3486;2884;o
3487;3487;2885;o
3488;3488;2886;o
3489;3489;2887;o
3490;3490;2888;o
3491;3491;2888;d
3492;3492;2889;o
3493;3493;2890;o
3494;3494;2891;o
3495;3495;2892;o
3496;3496;2892;d
3497;3497;2893;o
3498;3498;2894;o
3499;3499;2895;o
3500;3500;2896;o
3501;3501;2897;o
3502;3502;2898;o
3503;3503;2898;d
3504;3504;2899;o
3505;3505;2900;o
3506;3506;2901;o
3507;3507;2902;o
3508;3508;2903;o
3509;3509;2903;d
3510;3510;2904;o
3511;3511;2905;o
3512;3512;2906;o
3513;3513;2907;o
3514;3514;2907;d
3515;3515;2908;o
3516;3516;2909;o
3517;3517;2910;o
3518;3518;2911;o
3519;3519;2912;o
3520;3520;2913;o
3521;3521;2914;o
3522;3522;2915;o
3523;3523;2916;o
3524;3524;2917;o
3525;3525;2918;o
3526;3526;2918;d
3527;3527;2919;o
3528;3528;2920;o
3529;3529;2921;o
3530;3530;2922;o
3531;3531;2923;o
3532;3532;2924;o
3533;3533;2925;o
3534;3534;2926;o
3535;3535;2927;o
3536;3536;2928;o
3537;3537;2929;o
3538;3538;2930;o
3539;3539;2931;o
3540;3540;2932;o
3541;3541;2932;d
3542;3542;2933;o
3543;3543;2933;d
3544;3544;2934;o
3545;3545;2935;o
3546;3546;2936;o
3547;3547;2937;o
3548;3548;2938;o
3549;3549;2939;o
3550;3550;2940;o
3552;3552;2942;o
3554;3554;2944;o
3555;3555;2944;d
3556;3556;2945;o
3557;3557;2945;d
3558;3558;2946;o
3559;3559;2947;o
3560;3560;2947;d
3562;3562;2949;o
3563;3563;2949;d
3564;3564;2950;o
3565;3565;2951;o
3566;3566;2952;o
3567;3567;2953;o
3568;3568;2954;o
3569;3569;2955;o
3570;3570;2956;o
3571;3571;2957;o
3572;3572;2958;o
3573;3573;2959;o
3574;3574;2960;o
3575;3575;2961;o
3576;3576;2962;o
3577;3577;2963;o
3578;3578;2964;o
3579;3579;2964;d
3580;3580;2965;o
3581;3581;2966;o
3582;3582;2967;o
3583;3583;2968;o
3584;3584;2968;d
3585;3585;2969;o
3586;3586;2970;o
3587;3587;2970;d
3588;3588;2971;o
3589;3589;2972;o
3590;3590;2973;o
3591;3591;2974;o
3592;3592;2974;d
3594;3594;2976;o
3595;3595;2977;o
3596;3596;2978;o
3597;3597;2979;o
3598;3598;2980;o
3599;3599;2980;d
3600;3600;2981;o
3601;3601;2982;o
3602;3602;2982;d
3603;3603;2983;o
3605;3605;2985;o
3606;3606;2986;o
3607;3607;2987;o
3608;3608;2988;o
3609;3609;2988;d
3610;3610;2989;o
3611;3611;2990;o
3612;3612;2991;o
3613;3613;2991;d
3614;3614;2992;o
3615;3615;2993;o
3616;3616;2994;o
3617;3617;2995;o
3618;3618;2996;o
3619;3619;2997;o
3620;3620;2998;o
3621;3621;2999;o
3622;3622;2999;d
3623;3623;3000;o
3624;3624;3001;o
3627;3627;3003;o
3628;3628;3004;o
3629;3629;3005;o
3630;3630;3006;o
3631;3631;3006;d
3632;3632;3007;o
3633;3633;3008;o
3634;3634;3009;o
3635;3635;3009;d
3636;3636;3010;o
3637;3637;3011;o
3638;3638;3012;o
3639;3639;3013;o
3640;3640;3014;o
3641;3641;3014;d
3642;3642;3015;o
3643;3643;3016;o
3644;3644;3017;o
3645;3645;3018;o
3646;3646;3019;o
3647;3647;3019;d
3648;3648;3020;o
3649;3649;3021;o
3650;3650;3022;o
3651;3651;3023;o
3652;3652;3024;o
3653;3653;3024;d
3654;3654;3025;o
3655;3655;3026;o
3656;3656;3027;o
3657;3657;3027;d
3658;3658;3028;o
3659;3659;3029;o
3660;3660;3030;o
3661;3661;3031;o
3662;3662;3032;o
3663;3663;3033;o
3664;3664;3033;d
3667;3667;3035;o
3668;3668;3035;d
3669;3669;3036;o
3670;3670;3037;o
3671;3671;3038;o
3672;3672;3038;d
3673;3673;3039;o
3674;3674;3040;o
3675;3675;3041;o
3676;3676;3042;o
3677;3677;3042;d
3678;3678;3043;o
3679;3679;3044;o
3680;3680;3044;d
3681;3681;3045;o
3682;3682;3045;d
3683;3683;3046;o
3684;3684;3047;o
3685;3685;3048;o
3686;3686;3049;o
3687;3687;3050;o
3688;3688;3050;d
3689;3689;3051;o
3690;3690;3052;o
3691;3691;3053;o
3693;3693;3055;o
3694;3694;3055;d
3695;3695;3056;o
3696;3696;3056;d
3697;3697;3057;o
3698;3698;3058;o
3699;3699;3059;o
3700;3700;3059;d
3701;3701;3060;o
3702;3702;3061;o
3703;3703;3062;o
3704;3704;3063;o
3705;3705;3064;o
3707;3707;3066;o
3708;3708;3067;o
3709;3709;3067;d
3710;3710;3068;o
3711;3711;3069;o
3712;3712;3070;o
3713;3713;3071;o
3714;3714;3072;o
3716;3716;3074;o
3717;3717;3075;o
3718;3718;3075;d
3719;3719;3076;o
3720;3720;3076;d
3721;3721;3077;o
3722;3722;3078;o
3723;3723;3079;o
3724;3724;3080;o
3727;3727;3082;o
3728;3728;3083;o
3729;3729;3083;d
3730;3730;3084;o
3732;3732;3085;o
3733;3733;3086;o
3734;3734;3087;o
3735;3735;3088;o
3736;3736;3088;d
3737;3737;3089;o
3738;3738;3090;o
3739;3739;3091;o
3740;3740;3092;o
3741;3741;3093;o
3742;3742;3094;o
3743;3743;3094;d
3745;3745;3096;o
3746;3746;3097;o
3747;3747;3098;o
3748;3748;3099;o
3749;3749;3100;o
3750;3750;3101;o
3751;3751;3102;o
3752;3752;3102;d
3753;3753;3103;o
3754;3754;3104;o
3755;3755;3105;o
3756;3756;3106;o
3757;3757;3107;o
3758;3758;3108;o
3759;3759;3108;d
3760;3760;3109;o
3761;3761;3110;o
3762;3762;3111;o
3763;3763;3112;o
3764;3764;3112;d
3765;3765;3113;o
3766;3766;3114;o
3767;3767;3115;o
3768;3768;3115;d
3769;3769;3116;o
3770;3770;3117;o
3771;3771;3118;o
3772;3772;3118;d
3773;3773;3119;o
3774;3774;3120;o
3775;3775;3121;o
3776;3776;3122;o
3777;3777;3122;d
3779;3779;3124;o
3780;3780;3125;o
3781;3781;3126;o
3782;3782;3127;o
3783;3783;3128;o
3784;3784;3128;d
3785;3785;3129;o
3786;3786;3130;o
3787;3787;3131;o
3788;3788;3132;o
3789;3789;3133;o
3790;3790;3134;o
3791;3791;3135;o
3792;3792;3136;o
3793;3793;3137;o
3794;3794;3138;o
3795;3795;3139;o
3796;3796;3140;o
3797;3797;3140;d
3798;3798;3141;o
3799;3799;3142;o
3800;3800;3143;o
3801;3801;3143;d
3802;3802;3144;o
3803;3803;3145;o
3804;3804;3145;d
3805;3805;3146;o
3806;3806;3147;o
3807;3807;3148;o
3808;3808;3149;o
3811;3811;3151;o
3812;3812;3152;o
3813;3813;3153;o
3814;3814;3154;o
3815;3815;3155;o
3816;3816;3156;o
3817;3817;3157;o
3818;3818;3158;o
3819;3819;3158;d
3821;3821;3160;o
3822;3822;3161;o
3823;3823;3162;o
3824;3824;3163;o
3825;3825;3163;d
3826;3826;3164;o
3827;3827;3164;d
3829;3829;3166;o
3830;3830;3167;o
3831;3831;3168;o
3832;3832;3168;d
3833;3833;3169;o
3834;3834;3170;o
3835;3835;3171;o
3836;3836;3172;o
3837;3837;3173;o
3838;3838;3174;o
3839;3839;3174;d
3840;3840;3175;o
3841;3841;3176;o
3842;3842;3177;o
3843;3843;3178;o
3844;3844;3179;o
3845;3845;3180;o
3846;3846;3181;o
3847;3847;3182;o
3848;3848;3183;o
3849;3849;3184;o
3850;3850;3185;o
3851;3851;3185;d
3852;3852;3186;o
3853;3853;3187;o
3854;3854;3188;o
3855;3855;3189;o
3856;3856;3190;o
3857;3857;3191;o
3858;3858;3192;o
3859;3859;3192;d
3860;3860;3193;o
3861;3861;3194;o
3862;3862;3195;o
3863;3863;3196;o
3864;3864;3196;d
3865;3865;3197;o
3866;3866;3197;d
3868;3868;3199;o
3869;3869;3200;o
3870;3870;3201;o
3871;3871;3201;d
3872;3872;3202;o
3873;3873;3203;o
3874;3874;3204;o
3875;3875;3205;o
3876;3876;3205;d
3877;3877;3206;o
3880;3880;3208;o
3881;3881;3209;o
3882;3882;3209;d
3883;3883;3210;o
3884;3884;3211;o
3885;3885;3212;o
3886;3886;3213;o
3887;3887;3214;o
3888;3888;3214;d
3890;3890;3216;o
3891;3891;3217;o
3892;3892;3218;o
3893;3893;3219;o
3894;3894;3220;o
3895;3895;3220;d
3896;3896;3221;o
3897;3897;3222;o
3898;3898;3223;o
3899;3899;3224;o
3900;3900;3225;o
3901;3901;3225;d
3902;3902;3226;o
3903;3903;3227;o
3904;3904;3228;o
3905;3905;3228;d
3906;3906;3229;o
3907;3907;3230;o
3908;3908;3231;o
3909;3909;3231;d
3910;3910;3232;o
3911;3911;3233;o
3912;3912;3234;o
3913;3913;3235;o
3914;3914;3236;o
3915;3915;3237;o
3916;3916;3238;o
3917;3917;3238;d
3918;3918;3239;o
3919;3919;3240;o
3920;3920;3241;o
3921;3921;3242;o
3922;3922;3243;o
3923;3923;3243;d
3924;3924;3244;o
3925;3925;3245;o
3926;3926;3246;o
3927;3927;3247;o
3928;3928;3248;o
3929;3929;3249;o
3930;3930;3250;o
3931;3931;3250;d
3932;3932;3251;o
3933;3933;3251;d
3934;3934;3252;o
3935;3935;3253;o
3936;3936;3254;o
3937;3937;3254;d
3938;3938;3255;o
3939;3939;3256;o
3942;3942;3258;o
3943;3943;3259;o
3944;3944;3260;o
3945;3945;3260;d
3946;3946;3261;o
3947;3947;3262;o
3948;3948;3263;o
3949;3949;3263;d
3950;3950;3264;o
3951;3951;3264;d
3952;3952;3265;o
3953;3953;3266;o
3954;3954;3267;o
3955;3955;3267;d
3956;3956;3268;o
3957;3957;3268;d
3958;3958;3269;o
3959;3959;3270;o
3960;3960;3271;o
3961;3961;3272;o
3962;3962;3273;o
3963;3963;3274;o
3964;3964;3275;o
3965;3965;3276;o
3966;3966;3276;d
3967;3967;3277;o
3968;3968;3277;d
3969;3969;3278;o
3970;3970;3279;o
3971;3971;3280;o
3972;3972;3281;o
3973;3973;3282;o
3974;3974;3283;o
3975;3975;3284;o
3976;3976;3285;o
3977;3977;3286;o
3978;3978;3287;o
3979;3979;3288;o
3980;3980;3289;o
3981;3981;3290;o
3982;3982;3291;o
3983;3983;3292;o
3984;3984;3293;o
3985;3985;3294;o
3987;3987;3296;o
3988;3988;3297;o
3989;3989;3297;d
3990;3990;3298;o
3991;3991;3299;o
3992;3992;3300;o
3993;3993;3301;o
3994;3994;3302;o
3995;3995;3303;o
3996;3996;3304;o
3997;3997;3305;o
3998;3998;3306;o
3999;3999;3307;o
4000;4000;3308;o
4001;4001;3309;o
4002;4002;3310;o
4003;4003;3311;o
4004;4004;3312;o
4006;4006;3314;o
4007;4007;3315;o
4008;4008;3315;d
4009;4009;3316;o
4010;4010;3317;o
4011;4011;3318;o
4012;4012;3319;o
4013;4013;3320;o
4014;4014;3321;o
4015;4015;3322;o
4016;4016;3323;o
4017;4017;3323;d
4018;4018;3324;o
4019;4019;3325;o
4020;4020;3326;o
4021;4021;3327;o
4022;4022;3328;o
4023;4023;3328;d
4024;4024;3329;o
4025;4025;3329;d
4026;4026;3330;o
4027;4027;3331;o
4028;4028;3331;d
4029;4029;3332;o
4030;4030;3333;o
4031;4031;3334;o
4032;4032;3335;o
4033;4033;3336;o
4034;4034;3337;o
4035;4035;3337;d
4036;4036;3338;o
4037;4037;3339;o
4040;4040;3342;o
4041;4041;3342;d
4042;4042;3343;o
4043;4043;3344;o
4044;4044;3345;o
4046;4046;3346;o
4047;4047;3346;d
4048;4048;3347;o
4049;4049;3348;o
4050;4050;3349;o
4051;4051;3350;o
4052;4052;3350;d
4053;4053;3351;o
4054;4054;3352;o
4055;4055;3353;o
4056;4056;3354;o
4057;4057;3355;o
4059;4059;3357;o
4060;4060;3358;o
4061;4061;3359;o
4062;4062;3360;o
4063;4063;3361;o
4064;4064;3361;d
4065;4065;3362;o
4066;4066;3363;o
4067;4067;3364;o
4068;4068;3365;o
4069;4069;3366;o
4070;4070;3366;d
4071;4071;3367;o
4072;4072;3367;d
4073;4073;3368;o
4074;4074;3368;d
4075;4075;3369;o
4076;4076;3370;o
4077;4077;3371;o
4078;4078;3372;o
4079;4079;3373;o
4080;4080;3374;o
4081;4081;3375;o
4082;4082;3376;o
4083;4083;3377;o
4084;4084;3378;o
4085;4085;3378;d
4086;4086;3379;o
4087;4087;3380;o
4088;4088;3381;o
4089;4089;3381;d
4090;4090;3382;o
4091;4091;3383;o
4092;4092;3384;o
4093;4093;3385;o
4094;4094;3386;o
4095;4095;3387;o
4096;4096;3387;d
4098;4098;3389;o
4099;4099;3390;o
4100;4100;3391;o
4101;4101;3392;o
4102;4102;3393;o
4103;4103;3393;d
4104;4104;3394;o
4105;4105;3395;o
4106;4106;3396;o
4107;4107;3397;o
4108;4108;3398;o
4109;4109;3399;o
4112;4112;3401;o
4113;4113;3402;o
4114;4114;3403;o
4115;4115;3404;o
4116;4116;3405;o
4117;4117;3406;o
4118;4118;3407;o
4119;4119;3408;o
4120;4120;3408;d
4121;4121;3409;o
4122;4122;3410;o
4123;4123;3410;d
4124;4124;3411;o
4125;4125;3412;o
4126;4126;3413;o
4127;4127;3413;d
4129;4129;3415;o
4131;4131;3417;o
4132;4132;3418;o
4133;4133;3418;d
4134;4134;3419;o
4136;4136;3421;o
4137;4137;3422;o
4138;4138;3423;o
4139;4139;3424;o
4140;4140;3425;o
4141;4141;3426;o
4142;4142;3427;o
4143;4143;3428;o
4144;4144;3428;d
4145;4145;3429;o
4146;4146;3430;o
4147;4147;3431;o
4148;4148;3431;d
4149;4149;3432;o
4150;4150;3432;d
4151;4151;3433;o
4152;4152;3433;d
4153;4153;3434;o
4154;4154;3434;d
4155;4155;3435;o
4156;4156;3436;o
4157;4157;3437;o
4158;4158;3438;o
4159;4159;3438;d
4160;4160;3439;o
4161;4161;3440;o
4163;4163;3442;o
4164;4164;3443;o
4165;4165;3444;o
4166;4166;3445;o
4167;4167;3446;o
4169;4169;3448;o
4170;4170;3448;d
4171;4171;3449;o
4172;4172;3450;o
4173;4173;3451;o
4174;4174;3452;o
4175;4175;3453;o
4176;4176;3454;o
4177;4177;3455;o
4178;4178;3456;o
4179;4179;3457;o
4180;4180;3458;o
4181;4181;3459;o
4182;4182;3460;o
4183;4183;3460;d
4184;4184;3461;o
4185;4185;3462;o
4186;4186;3463;o
4187;4187;3464;o
4188;4188;3465;o
4189;4189;3466;o
4190;4190;3467;o
4191;4191;3468;o
4192;4192;3469;o
4193;4193;3470;o
4194;4194;3471;o
4195;4195;3471;d
4196;4196;3472;o
4198;4198;3474;o
4199;4199;3474;d
4201;4201;3476;o
4202;4202;3476;d
4203;4203;3477;o
4204;4204;3477;d
4205;4205;3478;o
4206;4206;3479;o
4207;4207;3480;o
4209;4209;3482;o
4210;4210;3483;o
4211;4211;3484;o
4212;4212;3485;o
4213;4213;3486;o
4214;4214;3486;d
4215;4215;3487;o
4217;4217;3489;o
4218;4218;3490;o
4219;4219;3491;o
4220;4220;3492;o
4221;4221;3493;o
4222;4222;3494;o
4223;4223;3495;o
4224;4224;3496;o
4225;4225;3497;o
4226;4226;3498;o
4227;4227;3499;o
4229;4229;3501;o
4230;4230;3502;o
4231;4231;3503;o
4232;4232;3504;o
4233;4233;3505;o
4234;4234;3506;o
4235;4235;3507;o
4236;4236;3508;o
4237;4237;3509;o
4238;4238;3510;o
4239;4239;3511;o
4240;4240;3512;o
4241;4241;3513;o
4242;4242;3513;d
4243;4243;3514;o
4244;4244;3515;o
4245;4245;3515;d
4246;4246;3516;o
4247;4247;3517;o
4248;4248;3518;o
4249;4249;3519;o
4250;4250;3520;o
4251;4251;3521;o
4252;4252;3521;d
4253;4253;3522;o
4254;4254;3523;o
4255;4255;3524;o
4256;4256;3525;o
4257;4257;3526;o
4258;4258;3527;o
4259;4259;3528;o
4260;4260;3529;o
4261;4261;3530;o
4262;4262;3531;o
4263;4263;3532;o
4264;4264;3533;o
4265;4265;3534;o
4266;4266;3535;o
4267;4267;3536;o
4268;4268;3536;d
4269;4269;3537;o
4270;4270;3538;o
4271;4271;3538;d
4272;4272;3539;o
4273;4273;3540;o
4274;4274;3541;o
4275;4275;3542;o
4276;4276;3543;o
4277;4277;3543;d
4278;4278;3544;o
4279;4279;3545;o
4280;4280;3546;o
4281;4281;3547;o
4282;4282;3548;o
4283;4283;3549;o
4284;4284;3550;o
4285;4285;3550;d
4286;4286;3551;o
4287;4287;3552;o
4288;4288;3553;o
4289;4289;3554;o
4290;4290;3555;o
4291;4291;3556;o
4292;4292;3557;o
4293;4293;3558;o
4294;4294;3558;d
4295;4295;3559;o
4296;4296;3560;o
4297;4297;3560;d
4298;4298;3561;o
4299;4299;3562;o
4300;4300;3563;o
4301;4301;3564;o
4302;4302;3565;o
4303;4303;3566;o
4304;4304;3567;o
4305;4305;3568;o
4306;4306;3568;d
4307;4307;3569;o
4308;4308;3570;o
4309;4309;3571;o
4310;4310;3572;o
4311;4311;3573;o
4312;4312;3574;o
4313;4313;3575;o
4314;4314;3576;o
4315;4315;3577;o
4316;4316;3578;o
4317;4317;3579;o
4318;4318;3580;o
4319;4319;3580;d
4320;4320;3581;o
4321;4321;3582;o
4322;4322;3582;d
4323;4323;3583;o
4324;4324;3583;d
4325;4325;3584;o
4326;4326;3585;o
4327;4327;3585;d
4328;4328;3586;o
4329;4329;3587;o
4330;4330;3588;o
4331;4331;3589;o
4332;4332;3590;o
4333;4333;3591;o
4334;4334;3591;d
4335;4335;3592;o
4336;4336;3593;o
4337;4337;3594;o
4338;4338;3595;o
4339;4339;3596;o
4340;4340;3597;o
4341;4341;3598;o
4342;4342;3599;o
4343;4343;3600;o
4344;4344;3601;o
4345;4345;3602;o
4346;4346;3603;o
4347;4347;3604;o
4348;4348;3605;o
4349;4349;3606;o
4350;4350;3606;d
4352;4352;3608;o
4353;4353;3609;o
4354;4354;3609;d
4355;4355;3610;o
4358;4358;3612;o
4359;4359;3613;o
4360;4360;3614;o
4361;4361;3615;o
4362;4362;3616;o
4363;4363;3616;d
4364;4364;3617;o
4365;4365;3618;o
4367;4367;3620;o
4368;4368;3621;o
4369;4369;3622;o
4370;4370;3623;o
4371;4371;3624;o
4372;4372;3625;o
4373;4373;3626;o
4376;4376;3628;o
4377;4377;3629;o
4380;4380;3631;o
4381;4381;3632;o
4382;4382;3633;o
4383;4383;3634;o
4384;4384;3635;o
4385;4385;3636;o
4386;4386;3637;o
4387;4387;3638;o
4388;4388;3639;o
4389;4389;3640;o
4390;4390;3641;o
4393;4393;3643;o
4394;4394;3644;o
4395;4395;3645;o
4396;4396;3646;o
4397;4397;3646;d
4398;4398;3647;o
4399;4399;3648;o
4400;4400;3649;o
4401;4401;3650;o
4402;4402;3651;o
4403;4403;3652;o
4404;4404;3653;o
4405;4405;3654;o
4406;4406;3655;o
4407;4407;3656;o
4408;4408;3657;o
4409;4409;3657;d
4410;4410;3658;o
4411;4411;3659;o
4412;4412;3659;d
4413;4413;3660;o
4414;4414;3661;o
4415;4415;3662;o
4416;4416;3663;o
4417;4417;3664;o
4418;4418;3665;o
4420;4420;3667;o
4421;4421;3668;o
4422;4422;3669;o
4423;4423;3670;o
4424;4424;3671;o
4425;4425;3671;d
4426;4426;3672;o
4427;4427;3673;o
4428;4428;3674;o
4429;4429;3675;o
4430;4430;3675;d
4431;4431;3676;o
4432;4432;3677;o
4433;4433;3678;o
4434;4434;3679;o
4435;4435;3679;d
4436;4436;3680;o
4437;4437;3681;o
4438;4438;3681;d
4439;4439;3682;o
4440;4440;3683;o
4441;4441;3683;d
4442;4442;3684;o
4444;4444;3686;o
4445;4445;3686;d
4446;4446;3687;o
4447;4447;3687;d
4448;4448;3688;o
4449;4449;3689;o
4450;4450;3690;o
4451;4451;3691;o
4452;4452;3692;o
4453;4453;3693;o
4454;4454;3693;d
4455;4455;3694;o
4456;4456;3695;o
4457;4457;3696;o
4458;4458;3697;o
4459;4459;3698;o
4460;4460;3698;d
4461;4461;3699;o
4462;4462;3700;o
4463;4463;3701;o
4464;4464;3702;o
4465;4465;3703;o
4466;4466;3704;o
4467;4467;3705;o
4468;4468;3705;d
4469;4469;3706;o
4471;4471;3708;o
4472;4472;3709;o
4473;4473;3710;o
4474;4474;3711;o
4476;4476;3712;o
4477;4477;3713;o
4478;4478;3713;d
4479;4479;3714;o
4480;4480;3715;o
4481;4481;3716;o
4482;4482;3717;o
4483;4483;3718;o
4484;4484;3719;o
4485;4485;3720;o
4486;4486;3720;d
4487;4487;3721;o
4488;4488;3721;d
4489;4489;3722;o
4490;4490;3722;d
4491;4491;3723;o
4492;4492;3724;o
4493;4493;3725;o
4494;4494;3726;o
4495;4495;3727;o
4496;4496;3728;o
4497;4497;3728;d
4498;4498;3729;o
4499;4499;3729;d
4500;4500;3730;o
4501;4501;3731;o
4502;4502;3732;o
4503;4503;3732;d
4504;4504;3733;o
4505;4505;3733;d
4506;4506;3734;o
4507;4507;3735;o
4508;4508;3736;o
4509;4509;3736;d
4510;4510;3737;o
4511;4511;3738;o
4512;4512;3739;o
4514;4514;3741;o
4515;4515;3742;o
4516;4516;3743;o
4518;4518;3745;o
4519;4519;3746;o
4520;4520;3747;o
4521;4521;3748;o
4522;4522;3749;o
4523;4523;3749;d
4524;4524;3750;o
4525;4525;3750;d
4526;4526;3751;o
4527;4527;3752;o
4528;4528;3753;o
4529;4529;3754;o
4530;4530;3754;d
4531;4531;3755;o
4532;4532;3756;o
4533;4533;3757;o
4534;4534;3758;o
4535;4535;3759;o
4536;4536;3760;o
4539;4539;3763;o
4540;4540;3764;o
4541;4541;3765;o
4542;4542;3766;o
4543;4543;3767;o
4544;4544;3768;o
4545;4545;3769;o
4546;4546;3770;o
4547;4547;3771;o
4548;4548;3772;o
4549;4549;3773;o
4550;4550;3774;o
4551;4551;3775;o
4552;4552;3775;d
4553;4553;3776;o
4554;4554;3777;o
4555;4555;3778;o
4556;4556;3779;o
4557;4557;3780;o
4558;4558;3780;d
4559;4559;3781;o
4560;4560;3782;o
4561;4561;3783;o
4562;4562;3784;o
4563;4563;3785;o
4564;4564;3785;d
4565;4565;3786;o
4567;4567;3787;o
4568;4568;3788;o
4569;4569;3789;o
4570;4570;3790;o
4571;4571;3791;o
4572;4572;3792;o
4573;4573;3793;o
4574;4574;3794;o
4575;4575;3795;o
4576;4576;3796;o
4577;4577;3797;o
4578;4578;3798;o
4579;4579;3799;o
4580;4580;3800;o
4581;4581;3801;o
4582;4582;3802;o
4583;4583;3803;o
4584;4584;3804;o
4585;4585;3805;o
4586;4586;3805;d
4587;4587;3806;o
4588;4588;3807;o
4589;4589;3808;o
4590;4590;3809;o
4591;4591;3810;o
4592;4592;3811;o
4593;4593;3812;o
4594;4594;3813;o
4595;4595;3813;d
4596;4596;3814;o
4597;4597;3815;o
4598;4598;3816;o
4599;4599;3816;d
4600;4600;3817;o
4601;4601;3818;o
4602;4602;3818;d
4603;4603;3819;o
4604;4604;3820;o
4605;4605;3821;o
4606;4606;3822;o
4607;4607;3823;o
4608;4608;3824;o
4609;4609;3825;o
4610;4610;3826;o
4611;4611;3827;o
4612;4612;3828;o
4615;4615;3830;o
4617;4617;3832;o
4618;4618;3832;d
4619;4619;3833;o
4620;4620;3834;o
4621;4621;3834;d
4622;4622;3835;o
4623;4623;3836;o
4624;4624;3837;o
4625;4625;3837;d
4626;4626;3838;o
4627;4627;3839;o
4628;4628;3839;d
4629;4629;3840;o
4630;4630;3840;d
4631;4631;3841;o
4632;4632;3842;o
4633;4633;3843;o
4634;4634;3844;o
4635;4635;3844;d
4636;4636;3845;o
4637;4637;3846;o
4638;4638;3847;o
4639;4639;3848;o
4640;4640;3849;o
4641;4641;3850;o
4642;4642;3850;d
4643;4643;3851;o
4644;4644;3852;o
4647;4647;3854;o
4648;4648;3855;o
4649;4649;3856;o
4650;4650;3857;o
4651;4651;3858;o
4652;4652;3859;o
4653;4653;3860;o
4654;4654;3861;o
4655;4655;3861;d
4656;4656;3862;o
4657;4657;3863;o
4658;4658;3864;o
4659;4659;3865;o
4660;4660;3866;o
4661;4661;3867;o
4662;4662;3868;o
4663;4663;3869;o
4664;4664;3870;o
4665;4665;3871;o
4666;4666;3871;d
4667;4667;3872;o
4668;4668;3872;d
4670;4670;3874;o
4671;4671;3874;d
4672;4672;3875;o
4673;4673;3876;o
4674;4674;3877;o
4675;4675;3878;o
4677;4677;3880;o
4678;4678;3881;o
4679;4679;3882;o
4680;4680;3883;o
4681;4681;3884;o
4682;4682;3884;d
4683;4683;3885;o
4684;4684;3886;o
4685;4685;3887;o
4686;4686;3888;o
4687;4687;3889;o
4688;4688;3889;d
4689;4689;3890;o
4690;4690;3891;o
4691;4691;3891;d
4692;4692;3892;o
4693;4693;3893;o
4694;4694;3893;d
4695;4695;3894;o
4696;4696;3894;d
4697;4697;3895;o
4698;4698;3896;o
4699;4699;3897;o
4700;4700;3898;o
4701;4701;3899;o
4704;4704;3901;o
4705;4705;3902;o
4706;4706;3903;o
4707;4707;3903;d
4708;4708;3904;o
4709;4709;3905;o
4710;4710;3906;o
4711;4711;3906;d
4712;4712;3907;o
4713;4713;3908;o
4714;4714;3908;d
4715;4715;3909;o
4716;4716;3910;o
4717;4717;3911;o
4718;4718;3912;o
4719;4719;3913;o
4720;4720;3914;o
4721;4721;3915;o
4722;4722;3916;o
4723;4723;3917;o
4724;4724;3918;o
4725;4725;3919;o
4726;4726;3919;d
4727;4727;3920;o
4728;4728;3920;d
4729;4729;3921;o
4730;4730;3922;o
4731;4731;3923;o
4732;4732;3924;o
4733;4733;3925;o
4734;4734;3926;o
4735;4735;3926;d
4736;4736;3927;o
4737;4737;3928;o
4739;4739;3930;o
4740;4740;3931;o
4741;4741;3932;o
4742;4742;3933;o
4743;4743;3933;d
4744;4744;3934;o
4745;4745;3935;o
4746;4746;3936;o
4747;4747;3937;o
4748;4748;3937;d
4749;4749;3938;o
4750;4750;3939;o
4751;4751;3940;o
4752;4752;3941;o
4753;4753;3941;d
4754;4754;3942;o
4755;4755;3943;o
4756;4756;3944;o
4757;4757;3944;d
4758;4758;3945;o
4759;4759;3945;d
4760;4760;3946;o
4761;4761;3946;d
4762;4762;3947;o
4763;4763;3948;o
4764;4764;3949;o
4765;4765;3950;o
4766;4766;3951;o
4767;4767;3952;o
4768;4768;3953;o
4769;4769;3954;o
4770;4770;3954;d
4771;4771;3955;o
4772;4772;3956;o
4773;4773;3957;o
4774;4774;3958;o
4775;4775;3958;d
4776;4776;3959;o
4777;4777;3960;o
4778;4778;3960;d
4779;4779;3961;o
4780;4780;3962;o
4781;4781;3963;o
4782;4782;3964;o
4783;4783;3965;o
4784;4784;3966;o
4785;4785;3966;d
4786;4786;3967;o
4787;4787;3968;o
4788;4788;3969;o
4789;4789;3970;o
4790;4790;3971;o
4791;4791;3972;o
4792;4792;3973;o
4793;4793;3974;o
4794;4794;3975;o
4795;4795;3976;o
4796;4796;3977;o
4797;4797;3978;o
4798;4798;3979;o
4799;4799;3980;o
4800;4800;3980;d
4801;4801;3981;o
4802;4802;3982;o
4803;4803;3983;o
4804;4804;3984;o
4805;4805;3985;o
4806;4806;3986;o
4807;4807;3987;o
4808;4808;3988;o
4809;4809;3989;o
4810;4810;3989;d
4811;4811;3990;o
4812;4812;3991;o
4813;4813;3992;o
4814;4814;3993;o
4815;4815;3994;o
4816;4816;3994;d
4817;4817;3995;o
4818;4818;3996;o
4819;4819;3997;o
4820;4820;3998;o
4821;4821;3999;o
4822;4822;3999;d
4823;4823;4000;o
4824;4824;4001;o
4826;4826;4003;o
4831;4831;4008;o
4832;4832;4009;o
4833;4833;4010;o
4836;4836;4013;o
4837;4837;4014;o
4853;4853;4026;o
4861;4861;4033;o
4862;4862;4034;o
4863;4863;4035;o
4877;4877;4047;o
4882;4882;4052;o
4886;4886;4055;o
4892;4892;4059;o
4901;4901;4066;o
4904;4904;4069;o
4906;4906;4071;o
4907;4907;4071;d
4915;4915;4078;o
4916;4916;4079;o
4918;4918;4081;o
4919;4919;4082;o
4923;4923;4086;o
4925;4925;4088;o
4927;4927;4090;o
4928;4928;4091;o
4929;4929;4092;o
4930;4930;4093;o
4937;4937;4099;o
4941;4941;4102;o
4942;4942;4103;o
4944;4944;4105;o
4949;4949;4109;o
4956;4956;4116;o
4959;4959;4119;o
4961;4961;4121;o
4968;4968;4127;o
4969;4969;4128;o
4972;4972;4130;o
4974;4974;4131;o
4975;4975;4131;d
4976;4976;4132;o
4979;4979;4134;o
4989;4989;4140;o
4992;4992;4143;o
4993;4993;4144;o
4994;4994;4144;d
5002;5002;4150;o
5010;5010;4156;o
5012;5012;4158;o
5013;5013;4159;o
5016;5016;4161;o
5028;5028;4171;o
5030;5030;4173;o
5046;5046;4186;o
5050;5050;4190;o
5056;5056;4195;o
5067;5067;4204;o
5072;5072;4208;o
5081;5081;4214;o
5093;5093;4225;o
5107;5107;4237;o
5108;5108;4237;d
5111;5111;4240;o
5117;5117;4245;o
5126;5126;4253;o
5127;5127;4254;o
5128;5128;4255;o
5132;5132;4258;o
5133;5133;4259;o
5134;5134;4260;o
5137;5137;4263;o
5138;5138;4264;o
5141;5141;4266;o
5143;5143;4268;o
5144;5144;4268;d
5145;5145;4269;o
5149;5149;4273;o
5152;5152;4276;o
5159;5159;4283;o
5163;5163;4286;o
5164;5164;4287;o
5171;5171;4293;o
5175;5175;4296;o
5180;5180;4301;o
5189;5189;4309;o
5200;5200;4318;o
5201;5201;4318;d
5203;5203;4320;o
5204;5204;4321;o
5212;5212;4328;o
5213;5213;4329;o
5214;5214;4330;o
5215;5215;4330;d
5217;5217;4332;o
5223;5223;4336;o
5224;5224;4337;o
5232;5232;4342;o
5233;5233;4343;o
5236;5236;4346;o
5237;5237;4347;o
5240;5240;4349;o
5241;5241;4350;o
5243;5243;4352;o
5245;5245;4354;o
5246;5246;4355;o
5247;5247;4356;o
5249;5249;4358;o
5253;5253;4361;o
5254;5254;4361;d
5263;5263;4368;o
5273;5273;4375;o
5275;5275;4377;o
5277;5277;4379;o
5281;5281;4383;o
5283;5283;4385;o
5284;5284;4386;o
5287;5287;4389;o
5308;5308;4405;o
5312;5312;4408;o
5313;5313;4408;d
5318;5318;4413;o
5319;5319;4413;d
5320;5320;4414;o
5321;5321;4414;d
5322;5322;4415;o
5323;5323;4416;o
5325;5325;4418;o
5326;5326;4418;d
5333;5333;4423;o
5334;5334;4424;o
5337;5337;4427;o
5338;5338;4427;d
5347;5347;4434;o
5352;5352;4437;o
5353;5353;4438;o
5354;5354;4439;o
5358;5358;4442;o
5362;5362;4445;o
5364;5364;4447;o
5365;5365;4447;d
5366;5366;4448;o
5367;5367;4448;d
5374;5374;4454;o
5376;5376;4456;o
5379;5379;4458;o
5384;5384;4462;o
5385;5385;4463;o
5389;5389;4467;o
5392;5392;4470;o
5393;5393;4471;o
5395;5395;4473;o
5397;5397;4475;o
5398;5398;4475;d
5399;5399;4476;o
5402;5402;4478;o
5404;5404;4480;o
5409;5409;4484;o
5413;5413;4488;o
5420;5420;4493;o
5433;5433;4503;o
5441;5441;4511;o
5445;5445;4514;o
5450;5450;4519;o
5460;5460;4526;o
5461;5461;4527;o
5462;5462;4527;d
5468;5468;4533;o
5469;5469;4534;o
5472;5472;4537;o
5473;5473;4538;o
5478;5478;4543;o
5487;5487;4550;o
5517;5517;4576;o
5521;5521;4580;o
5526;5526;4585;o
5527;5527;4585;d
5530;5530;4588;o
5531;5531;4589;o
5539;5539;4596;o
5563;5563;4616;o
5565;5565;4618;o
5574;5574;4626;o
5579;5579;4631;o
5580;5580;4631;d
5606;5606;4650;o
5617;5617;4659;o
5618;5618;4660;o
5642;5642;4681;o
5684;5684;4715;o
5699;5699;4725;o
5701;5701;4727;o
5704;5704;4729;o
5722;5722;4743;o
5727;5727;4746;o
5736;5736;4753;o
5753;5753;4768;o
5760;5760;4774;o
5761;5761;4774;d
5774;5774;4784;o
5775;5775;4784;d
5788;5788;4794;o
5801;5801;4803;o
5826;5826;4825;o
5827;5827;4825;d
5858;5858;4851;o
5859;5859;4851;d
5860;5860;4852;o
5866;5866;4858;o
5873;5873;4863;o
5911;5911;4894;o
5928;5928;4907;o
5965;5965;4937;o
5977;5977;4948;o
5978;5978;4949;o
6001;6001;4969;o
6015;6015;4981;o
6033;6033;4994;o
6034;6034;4995;o
6039;6039;4999;o
6040;6040;4999;d
6042;6042;5001;o
6052;6052;5011;o
6067;6067;5024;o
6077;6077;5033;o
6112;6112;5063;o
6114;6114;5065;o
6115;6115;5066;o
6122;6122;5072;o
6144;6144;5092;o
6175;6175;5118;o
6178;6178;5120;o
6183;6183;5125;o
6185;6185;5126;o
6186;6186;5126;d
6191;6191;5129;o
6196;6196;5133;o
6235;6235;5164;o
6255;6255;5180;o
6256;6256;5180;d
6257;6257;5181;o
6272;6272;5194;o
6275;6275;5196;o
6299;6299;5213;o
6301;6301;5215;o
6317;6317;5228;o
6318;6318;5228;d
6342;6342;5250;o
6349;6349;5256;o
6359;6359;5263;o
6363;6363;5267;o
6366;6366;5269;o
6367;6367;5270;o
6383;6383;5283;o
6391;6391;5290;o
6408;6408;5305;o
6417;6417;5313;o
6422;6422;5317;o
6452;6452;5343;o
6468;6468;5357;o
6469;6469;5358;o
6473;6473;5362;o
6474;6474;5362;d
6478;6478;5366;o
6481;6481;5369;o
6485;6485;5372;o
6499;6499;5385;o
6501;6501;5387;o
6511;6511;5395;o
6544;6544;5422;o
6545;6545;5422;d
6546;6546;5423;o
6551;6551;5428;o
6552;6552;5429;o
6567;6567;5442;o
6571;6571;5445;o
6604;6604;5472;o
6610;6610;5477;o
6616;6616;5481;o
6619;6619;5483;o
6644;6644;5505;o
6691;6691;5541;o
6698;6698;5546;o
6729;6729;5572;o
6731;6731;5574;o
6749;6749;5591;o
6750;6750;5591;d
6753;6753;5593;o
6764;6764;5602;o
6789;6789;5622;o
6798;6798;5628;o
6803;6803;5632;o
6804;6804;5632;d
6827;6827;5648;o
6829;6829;5650;o
6844;6844;5661;o
6886;6886;5692;o
6892;6892;5698;o
6893;6893;5698;d
6895;6895;5700;o
6906;6906;5708;o
6922;6922;5724;o
6924;6924;5726;o
6936;6936;5735;o
6944;6944;5740;o
6946;6946;5742;o
6967;6967;5758;o
6978;6978;5767;o
6987;6987;5774;o
7010;7010;5794;o
7011;7011;5794;d
7043;7043;5817;o
7065;7065;5837;o
7100;7100;5868;o
7102;7102;5870;o
7112;7112;5878;o
7127;7127;5891;o
7150;7150;5912;o
7166;7166;5927;o
7186;7186;5944;o
7195;7195;5952;o
7234;7234;5984;o
7241;7241;5991;o
7286;7286;6030;o
7291;7291;6034;o
7299;7299;6040;o
7311;7311;6051;o
7324;7324;6061;o
7325;7325;6062;o
7327;7327;6064;o
7339;7339;6075;o
7348;7348;6083;o
7366;7366;6097;o
7390;7390;6118;o
7411;7411;6138;o
7412;7412;6138;d
7422;7422;6148;o
7423;7423;6148;d
7434;7434;6157;o
7435;7435;6158;o
7521;7521;6226;o
7567;7567;6265;o
7576;7576;6273;o
7586;7586;6281;o
7594;7594;6289;o
7614;7614;6306;o
7632;7632;6321;o
7672;7672;6353;o
7678;7678;6358;o
7683;7683;6363;o
7723;7723;6397;o
7724;7724;6397;d
7727;7727;6400;o
7753;7753;6425;o
7765;7765;6434;o
7772;7772;6440;o
7787;7787;6453;o
7796;7796;6461;o
7797;7797;6461;d
7800;7800;6463;o
7814;7814;6472;o
7815;7815;6473;o
7843;7843;6495;o
7855;7855;6505;o
7862;7862;6510;o
7863;7863;6511;o
7864;7864;6512;o
7914;7914;6555;o
7959;7959;6592;o
7970;7970;6602;o
7980;7980;6609;o
8013;8013;6636;o
8030;8030;6649;o
8064;8064;6678;o
8074;8074;6686;o
8076;8076;6688;o
8089;8089;6699;o
8091;8091;6701;o
8096;8096;6706;o
8105;8105;6715;o
8130;8130;6738;o
8200;8200;6792;o
8217;8217;6806;o
8276;8276;6856;o
8287;8287;6866;o
8295;8295;6872;o
8327;8327;6897;o
8333;8333;6902;o
8342;8342;6910;o
8356;8356;6922;o
8359;8359;6924;o
8362;8362;6927;o
8366;8366;6930;o
8392;8392;6950;o
8393;8393;6950;d
8432;8432;6985;o
8433;8433;6985;d
8463;8463;7011;o
8489;8489;7033;o
8502;8502;7045;o
8506;8506;7049;o
8510;8510;7052;o
8548;8548;7082;o
8568;8568;7099;o
8571;8571;7101;o
8598;8598;7123;o
8610;8610;7133;o
8611;8611;7133;d
8615;8615;7136;o
8636;8636;7156;o
8661;8661;7176;o
8666;8666;7180;o
8667;8667;7181;o
8670;8670;7184;o
8677;8677;7190;o
8678;8678;7190;d
8692;8692;7203;o
8726;8726;7231;o
8737;8737;7240;o
8738;8738;7240;d
8764;8764;7262;o
8777;8777;7274;o
8865;9173;7401;o
8866;9174;7401;d
8888;9196;7418;o
8894;9202;7424;o
8909;9217;7437;o
8918;9226;7445;o
8923;9231;7449;o
8928;9236;7454;o
8942;9250;7465;o
8965;9273;7485;o
8966;9274;7485;d
8968;9276;7487;o
9005;9313;7520;o
9008;9316;7523;o
9032;9340;7542;o
9038;9346;7546;o
9054;9362;7559;o
9058;9366;7562;o
9062;9370;7565;o
9095;9403;7594;o
9109;9417;7606;o
9110;9418;7607;o
9111;9419;7607;d
9119;9427;7614;o
9120;9428;7614;d
9125;9433;7618;o
9142;9450;7632;o
9143;9451;7632;d
9148;9456;7636;o
9149;9457;7637;o
9150;9458;7637;d
9197;9505;7674;o
9238;9546;7713;o
9247;9555;7721;o
9261;9569;7733;o
9274;9582;7745;o
9285;9593;7753;o
9298;9606;7765;o
9303;9611;7769;o
9308;9616;7774;o
9333;9641;7795;o
9334;9642;7795;d
9355;9663;7815;o
9356;9664;7815;d
9362;9670;7819;o
9367;9675;7824;o
9372;9680;7828;o
9394;9702;7844;o
9407;9715;7857;o
9409;9717;7859;o
9410;9718;7859;d
9413;9721;7861;o
9447;9755;7890;o
9452;9760;7894;o
9467;9775;7907;o
9468;9776;7907;d
9490;9798;7926;o
9512;9820;7944;o
9525;9833;7957;o
9526;9834;7957;d
9536;9844;7965;o
9537;9845;7965;d
9538;9846;7966;o
9564;9872;7990;o
9572;9880;7997;o
9606;9914;8026;o
9607;9915;8027;o
9621;9929;8038;o
9622;9930;8039;o
9625;9933;8041;o
9637;9945;8051;o
9638;9946;8051;d
9665;9973;8073;o
9679;9987;8085;o
9687;9995;8092;o
9689;9997;8094;o
9715;10023;8114;o
9732;10040;8127;o
9733;10041;8127;d
9735;10043;8129;o
9738;10046;8132;o
9758;10066;8149;o
9762;10070;8153;o
9767;10075;8158;o
9768;10076;8159;o
9769;10077;8159;d
9782;10090;8169;o
9787;10095;8173;o
9788;10096;8173;d
9837;10145;8212;o
9851;10159;8225;o
9890;10198;8260;o
9891;10199;8260;d
9892;10200;8261;o
9893;10201;8261;d
9901;10209;8268;o
9961;10269;8316;o
9965;10273;8320;o
9966;10274;8320;d
9967;10275;8321;o
9968;10276;8321;d
9974;10282;8327;o
9979;10287;8330;o
9980;10288;8330;d
9995;10303;8341;o
10042;10350;8377;o
10043;10351;8377;d
10047;10355;8381;o
10074;10382;8405;o
10081;10389;8411;o
10151;10459;8475;o
10167;10475;8489;o
10168;10476;8489;d
10171;10479;8492;o
10184;10492;8505;o
10202;10510;8519;o
10203;10511;8519;d
10209;10517;8523;o
10220;10528;8533;o
10235;10543;8547;o
10247;10555;8558;o
10255;10563;8564;o
10256;10564;8564;d
10258;10566;8566;o
10328;10636;8625;o
10331;10639;8628;o
10346;10654;8639;o
10354;10662;8645;o
10394;10702;8680;o
10395;10703;8680;d
10406;10714;8688;o
10438;10746;8713;o
10469;10777;8742;o
10470;10778;8742;d
10490;10798;8759;o
10505;10813;8772;o
10510;10818;8776;o
10520;10828;8784;o
10604;10912;8856;o
10652;10960;8896;o
10655;10963;8899;o
10679;10987;8919;o
10680;10988;8919;d
10689;10997;8926;o
10690;10998;8926;d
10696;11004;8931;o
10700;11008;8934;o
10726;11034;8957;o
10742;11050;8972;o
10755;11063;8982;o
10756;11064;8982;d
10775;11083;8998;o
10785;11093;9006;o
10797;11105;9017;o
10806;11114;9024;o
10813;11121;9030;o
10814;11122;9030;d
10815;11123;9031;o
10818;11126;9034;o
10822;11130;9037;o
10823;11131;9037;d
10828;11136;9041;o
10839;11147;9051;o
10841;11149;9052;o
10887;11195;9093;o
10900;11208;9104;o
10942;11250;9138;o
10944;11252;9140;o
10958;11266;9153;o
10959;11267;9153;d
10963;11271;9156;o
10966;11274;9159;o
10967;11275;9159;d
10978;11286;9167;o
10996;11304;9179;o
11006;11314;9188;o
11011;11319;9192;o
11019;11327;9199;o
11021;11329;9201;o
11023;11331;9203;o
11029;11337;9208;o
11051;11359;9225;o
11052;11360;9225;d
11054;11362;9227;o
11063;11371;9235;o
11064;11372;9236;o
11071;11379;9241;o
11072;11380;9241;d
11073;11381;9242;o
11097;11405;9263;o
11098;11406;9263;d
11101;11409;9265;o
11153;11461;9307;o
11183;11491;9333;o
11189;11497;9337;o
11208;11516;9353;o
11209;11517;9353;d
11237;11545;9377;o
11266;11574;9403;o
11288;11596;9422;o
11290;11598;9424;o
11301;11609;9433;o
11329;11637;9455;o
11330;11638;9455;d
11354;11662;9472;o
11368;11676;9484;o
11375;11683;9491;o
11377;11685;9493;o
11378;11686;9494;o
11379;11687;9494;d
11393;11701;9504;o
11401;11709;9510;o
11402;11710;9510;d
11405;11713;9513;o
11406;11714;9513;d
11424;11732;9528;o
11446;11754;9548;o
11447;11755;9549;o
11460;11768;9560;o
11486;11794;9583;o
11487;11795;9583;d
11496;11804;9591;o
11543;11851;9627;o
11547;11855;9631;o
11549;11857;9633;o
11552;11860;9635;o
11558;11866;9640;o
11559;11867;9640;d
11565;11873;9645;o
11566;11874;9646;o
11567;11875;9646;d
11578;11886;9656;o
11598;11906;9673;o
11599;11907;9673;d
11603;11911;9677;o
11635;11943;9703;o
11639;11947;9707;o
11668;11976;9730;o
11669;11977;9730;d
11670;11978;9731;o
11671;11979;9731;d
11695;12003;9750;o
11742;12050;9790;o
11743;12051;9790;d
11771;12079;9814;o
11784;12092;9826;o
11787;12095;9828;o
11794;12102;9833;o
11825;12133;9859;o
11836;12144;9869;o
11837;12145;9869;d
11855;12163;9883;o
11873;12181;9897;o
11912;12220;9928;o
11913;12221;9928;d
11995;12303;10001;o
12000;12308;10005;o
12016;12324;10018;o
12017;12325;10019;o
12020;12328;10022;o
12036;12344;10036;o
12050;12358;10049;o
12051;12359;10049;d
12068;12376;10063;o
12070;12378;10065;o
12074;12382;10068;o
12075;12383;10068;d
12088;12396;10079;o
12089;12397;10079;d
12108;12416;10093;o
12109;12417;10093;d
12124;12432;10105;o
12156;12464;10131;o
12160;12468;10134;o
12177;12485;10148;o
12182;12490;10152;o
12239;12547;10202;o
12253;12561;10215;o
12260;12568;10220;o
12269;12577;10227;o
12278;12586;10233;o
12291;12599;10243;o
12308;12616;10257;o
12317;12625;10266;o
12335;12643;10280;o
12354;12662;10297;o
12387;12695;10320;o
12418;12726;10343;o
12421;12729;10345;o
12422;12730;10345;d
12430;12738;10351;o
12431;12739;10351;d
12442;12750;10361;o
12446;12754;10364;o
12447;12755;10364;d
12448;12756;10365;o
12494;12802;10404;o
12502;12810;10411;o
12532;12840;10436;o
12535;12843;10439;o
12536;12844;10440;o
12542;12850;10445;o
12543;12851;10445;d
12551;12859;10451;o
12582;12890;10478;o
12600;12908;10493;o
12635;12943;10520;o
12678;12986;10558;o
12683;12991;10562;o
12736;13044;10607;o
12743;13051;10613;o
12763;13071;10630;o
12781;13089;10644;o
12782;13090;10645;o
12787;13095;10650;o
12790;13098;10652;o
12794;13102;10656;o
12805;13113;10663;o
12815;13123;10670;o
12826;13134;10679;o
12843;13151;10694;o
12863;13171;10710;o
12864;13172;10711;o
12882;13190;10728;o
12893;13201;10738;o
12923;13231;10762;o
12938;13246;10774;o
12952;13260;10788;o
12953;13261;10789;o
12954;13262;10789;d
12968;13276;10799;o
12977;13285;10807;o
12982;13290;10812;o
12983;13291;10812;d
13038;13346;10857;o
13072;13380;10884;o
13096;13404;10904;o
13097;13405;10905;o
13098;13406;10906;o
13104;13412;10911;o
13109;13417;10915;o
13139;13447;10940;o
13140;13448;10940;d
13143;13451;10942;o
13160;13468;10954;o
13161;13469;10954;d
13172;13480;10963;o
13182;13490;10973;o
13231;13539;11013;o
13240;13548;11021;o
13248;13556;11027;o
13268;13576;11042;o
13280;13588;11053;o
13282;13590;11054;o
13295;13603;11065;o
13300;13608;11069;o
13312;13620;11079;o
13332;13640;11096;o
13349;13657;11111;o
13350;13658;11111;d
13365;13673;11123;o
13379;13687;11135;o
13382;13690;11138;o
13386;13694;11141;o
13442;13750;11186;o
13443;13751;11186;d
13495;13803;11231;o
13512;13820;11244;o
13537;13845;11265;o
13544;13852;11271;o
13578;13886;11295;o
13604;13912;11317;o
13607;13915;11320;o
13613;13921;11325;o
13615;13923;11327;o
13616;13924;11328;o
13623;13931;11333;o
13647;13955;11349;o
13648;13956;11349;d
13660;13968;11359;o
13663;13971;11362;o
13690;13998;11382;o
