"client_id","birthdate_year","birthdate_month","birthdate_day","sex"
1,1970,12,13,1
2,1945,2,4,2
3,1940,10,9,1
4,1956,12,1,2
5,1960,7,3,1
6,1919,9,22,2
7,1929,1,25,2
8,1938,2,21,1
9,1935,10,16,2
10,1943,5,1,2
11,1950,8,22,1
12,1981,2,20,2
13,1974,5,29,1
14,1942,6,22,1
15,1918,8,28,1
16,1919,2,25,2
17,1934,10,13,2
18,1931,4,5,1
19,1942,12,28,2
20,1979,1,4,2
21,1952,10,29,1
22,1969,10,11,1
23,1973,5,29,2
24,1939,7,29,1
25,1939,4,23,1
26,1969,4,20,1
27,1966,3,26,1
28,1945,9,29,2
29,1951,9,11,1
30,1957,10,9,1
31,1962,2,9,2
32,1980,7,28,2
33,1948,12,4,1
36,1978,7,17,1
37,1970,8,10,2
38,1973,7,23,1
39,1968,1,25,2
40,1957,1,22,1
41,1968,8,27,2
42,1935,8,17,2
43,1920,10,28,2
44,1977,1,11,1
45,1952,8,26,2
46,1940,1,30,1
47,1934,7,14,2
48,1940,2,9,2
49,1959,5,11,1
50,1978,7,30,1
51,1979,12,2,1
52,1924,12,12,2
53,1977,5,5,2
55,1948,9,18,1
56,1960,3,31,2
57,1961,12,17,1
58,1927,4,29,1
59,1957,2,18,2
60,1980,2,19,2
61,1948,8,6,1
62,1932,12,8,2
63,1959,6,4,2
64,1926,4,22,2
65,1943,5,27,1
66,1951,11,10,1
67,1932,11,11,1
68,1946,12,14,2
70,1925,12,22,2
71,1927,2,6,1
72,1923,1,13,2
73,1924,2,20,2
74,1925,7,26,1
75,1977,9,19,1
76,1967,10,1,1
77,1956,2,18,1
78,1944,6,13,1
79,1969,3,10,1
80,1979,2,25,1
81,1976,4,29,2
82,1979,12,25,1
83,1978,12,25,1
84,1979,5,5,2
85,1961,8,27,2
86,1969,7,20,1
87,1946,11,17,1
89,1951,5,5,1
90,1975,8,17,2
91,1940,8,7,2
92,1966,6,12,1
93,1925,2,16,2
94,1947,9,9,2
95,1952,8,3,1
96,1972,2,29,2
97,1965,11,28,2
98,1973,5,4,1
99,1973,1,26,2
100,1942,8,11,1
101,1943,1,23,2
102,1958,9,10,1
103,1955,7,11,2
105,1980,5,26,2
106,1968,12,30,1
107,1972,6,23,2
108,1963,9,13,2
110,1967,4,13,1
112,1935,1,25,2
113,1940,8,15,1
114,1969,6,24,1
115,1969,12,24,2
116,1942,1,28,2
117,1936,9,20,1
118,1922,7,19,2
119,1922,2,28,1
120,1976,5,10,2
121,1978,10,29,1
122,1963,11,13,1
123,1969,2,12,2
124,1967,9,21,2
125,1936,10,31,2
126,1929,9,27,1
127,1950,12,27,1
128,1973,4,4,1
129,1947,5,31,1
130,1942,2,14,2
131,1977,1,31,1
132,1953,1,26,2
134,1932,1,18,2
135,1938,9,10,1
136,1921,1,26,1
137,1923,9,14,2
138,1972,10,21,1
139,1959,7,25,1
140,1961,6,6,2
141,1925,11,2,2
142,1937,6,21,2
143,1978,7,9,2
144,1958,12,6,2
145,1978,2,14,2
146,1961,12,19,1
147,1933,11,2,1
148,1940,12,25,2
149,1948,6,27,2
150,1980,9,27,1
151,1971,9,23,1
152,1945,12,2,1
153,1981,2,12,1
154,1933,8,27,2
155,1939,3,13,1
156,1930,7,22,1
157,1943,7,9,1
158,1945,7,3,1
159,1938,9,10,2
160,1942,4,26,1
161,1943,10,7,1
162,1941,10,17,2
163,1933,6,12,2
164,1962,4,4,1
165,1968,11,8,2
166,1961,10,22,1
167,1978,4,18,1
168,1976,11,5,1
169,1953,9,12,2
170,1946,6,16,1
171,1929,6,25,2
172,1935,10,5,1
173,1918,12,8,1
174,1978,11,10,2
175,1960,7,13,2
176,1929,3,11,2
178,1960,12,22,2
179,1980,12,29,2
180,1982,1,19,2
181,1967,7,6,2
182,1959,7,13,1
183,1978,3,19,1
184,1972,6,5,2
185,1954,5,30,2
186,1961,2,22,1
187,1942,8,23,2
188,1960,9,2,2
189,1919,8,10,2
190,1947,10,31,1
191,1954,9,3,2
192,1971,2,28,2
193,1962,5,1,2
194,1924,12,20,1
195,1919,11,18,2
196,1927,6,25,1
197,1933,4,25,2
198,1976,7,14,2
199,1923,6,21,2
200,1928,1,13,1
201,1930,8,19,1
202,1976,11,21,1
203,1962,6,10,2
204,1967,6,17,1
205,1942,6,15,1
206,1963,4,13,1
207,1932,5,20,2
208,1940,6,25,1
209,1935,8,20,2
210,1939,11,30,2
211,1945,6,28,1
212,1975,2,10,2
215,1967,9,24,2
216,1960,1,30,2
217,1974,12,22,1
218,1980,1,23,1
219,1964,4,2,1
221,1977,2,25,1
222,1972,6,29,1
223,1952,2,27,1
224,1955,5,11,2
225,1936,5,10,2
226,1942,6,16,2
227,1926,12,18,1
228,1956,3,16,1
229,1969,7,22,2
230,1967,3,10,1
231,1941,2,18,2
232,1921,6,17,1
233,1958,12,3,1
234,1955,6,21,2
235,1943,8,28,1
236,1961,9,1,2
237,1969,2,22,1
238,1961,11,28,1
239,1974,9,10,1
240,1929,6,17,1
241,1959,1,23,2
242,1961,8,1,1
243,1954,2,10,2
246,1970,12,28,1
247,1957,5,8,2
248,1969,12,12,1
249,1970,5,5,2
250,1979,11,25,1
251,1976,3,3,1
252,1969,9,1,1
253,1947,5,12,1
254,1963,5,30,2
255,1951,10,11,1
256,1963,2,27,1
257,1942,11,4,1
258,1937,5,31,2
259,1966,6,8,2
260,1962,2,24,1
261,1937,12,7,1
262,1945,11,25,2
263,1962,5,20,2
264,1978,8,22,2
265,1933,1,7,1
266,1967,8,28,1
267,1967,6,12,2
268,1982,5,2,1
269,1923,12,3,1
270,1947,3,8,2
271,1945,7,27,1
272,1944,10,25,1
273,1972,5,15,1
274,1970,11,25,1
275,1918,11,12,1
276,1957,6,11,2
277,1961,11,28,1
278,1972,12,27,1
279,1970,5,16,2
280,1969,12,18,1
282,1938,2,24,1
283,1933,11,4,2
284,1974,8,6,2
285,1954,6,3,2
286,1952,4,18,1
287,1980,9,9,2
288,1962,4,21,2
289,1958,3,27,2
290,1959,1,12,2
291,1955,4,27,1
292,1958,9,6,1
293,1943,9,27,2
294,1968,3,21,2
295,1939,3,27,2
296,1974,3,1,2
297,1924,3,15,1
298,1921,6,13,2
300,1957,7,30,1
301,1942,1,10,2
302,1971,2,23,2
303,1946,5,6,2
304,1934,3,11,1
305,1938,6,8,2
308,1976,6,12,1
309,1969,12,14,1
310,1950,4,16,2
311,1930,9,16,1
312,1924,7,3,2
313,1942,5,11,1
314,1945,3,22,2
315,1967,5,1,2
316,1955,4,28,2
317,1957,10,6,1
318,1943,4,2,1
319,1929,4,4,1
320,1934,11,12,2
321,1943,10,24,1
322,1933,2,1,2
323,1938,4,4,1
324,1960,12,3,2
325,1960,2,21,2
326,1967,9,18,1
327,1968,10,13,2
328,1918,1,24,1
329,1964,12,3,2
330,1944,8,5,1
331,1942,3,2,2
332,1978,7,25,2
333,1971,10,19,2
334,1969,10,31,2
335,1967,7,22,1
336,1964,2,11,1
337,1957,5,8,2
338,1951,6,19,1
339,1966,7,30,2
340,1970,8,19,1
341,1977,3,16,2
342,1972,6,30,1
343,1919,11,19,2
344,1963,7,16,1
345,1953,12,7,2
346,1960,11,2,1
347,1959,12,13,2
348,1953,1,24,1
349,1927,5,27,1
350,1925,4,2,1
351,1973,5,1,2
352,1940,8,27,2
353,1965,10,26,2
354,1922,4,27,1
355,1930,5,31,2
356,1979,12,7,1
357,1979,3,30,2
358,1959,6,26,1
359,1970,2,16,2
360,1943,4,27,2
361,1977,5,25,1
362,1950,4,27,1
363,1942,7,1,2
364,1942,12,5,1
365,1930,1,9,2
366,1936,11,10,1
367,1963,9,3,1
368,1968,10,14,2
369,1930,11,6,1
370,1956,1,5,1
371,1942,7,16,2
372,1932,4,3,2
373,1936,2,28,2
374,1967,6,14,2
375,1969,9,29,1
376,1973,1,8,1
378,1978,5,15,2
379,1983,10,13,1
380,1973,1,19,2
381,1977,1,26,1
382,1978,6,30,2
383,1939,5,17,1
384,1935,10,8,2
385,1948,3,24,2
386,1980,8,21,2
387,1927,6,6,2
388,1950,10,30,1
389,1974,6,30,1
390,1977,1,27,1
391,1933,5,22,1
392,1950,4,1,1
393,1956,8,31,2
394,1924,5,18,1
395,1919,7,5,2
396,1920,5,2,2
397,1930,3,27,2
398,1925,3,26,1
399,1952,4,14,2
400,1933,12,27,2
401,1928,11,19,1
402,1943,12,25,2
403,1973,5,26,1
404,1967,4,20,2
405,1934,10,19,1
406,1977,5,15,2
407,1975,5,27,1
408,1978,2,22,1
409,1925,6,18,2
410,1962,12,20,2
411,1941,4,14,1
412,1944,4,17,2
413,1972,11,18,1
414,1947,10,19,1
415,1945,4,1,2
416,1932,10,7,1
417,1930,6,10,2
418,1966,10,13,2
419,1970,10,7,1
420,1978,3,13,2
421,1965,7,31,2
422,1946,12,7,2
423,1957,6,23,2
424,1947,10,8,2
425,1948,2,12,2
426,1937,6,1,2
427,1941,9,14,1
428,1919,11,16,1
429,1981,1,20,1
430,1920,7,28,2
431,1927,10,1,1
432,1952,3,26,1
433,1955,2,7,2
434,1943,1,30,1
435,1967,10,23,2
436,1955,6,15,2
437,1920,1,17,1
438,1938,9,28,2
439,1968,9,12,1
440,1970,7,7,1
441,1959,9,14,2
442,1971,12,16,1
443,1971,12,20,2
444,1960,8,1,1
445,1947,4,27,1
446,1952,3,19,2
447,1946,9,4,2
448,1970,8,15,1
450,1953,11,27,2
451,1979,4,14,2
452,1953,10,22,1
453,1969,7,16,2
454,1949,6,15,1
455,1920,7,26,2
456,1940,2,28,2
457,1950,9,26,2
458,1961,7,24,2
459,1967,7,23,1
461,1970,8,13,1
462,1970,12,21,2
463,1944,4,5,2
464,1959,7,30,1
465,1952,9,1,2
466,1947,11,19,1
467,1950,4,17,2
468,1959,4,27,2
469,1970,10,13,1
470,1954,4,21,1
471,1977,1,11,2
472,1981,12,27,2
473,1939,9,25,1
474,1949,5,31,2
476,1947,6,1,1
477,1954,7,20,2
478,1978,6,21,2
479,1947,8,20,2
480,1946,1,24,1
481,1927,1,22,2
482,1934,1,22,1
483,1944,6,19,2
484,1959,9,13,1
485,1978,5,16,2
486,1944,4,12,2
487,1922,4,1,1
488,1917,8,2,2
489,1940,10,7,2
490,1950,10,23,2
491,1966,8,5,2
492,1935,10,26,2
493,1942,6,4,1
494,1980,5,19,2
495,1937,4,7,1
496,1951,5,21,1
497,1953,2,2,2
498,1948,1,15,1
499,1935,7,8,1
500,1971,1,6,2
501,1937,10,28,2
502,1919,12,8,2
503,1959,7,24,2
504,1979,8,1,2
505,1977,12,21,2
506,1946,8,16,2
507,1954,11,16,2
508,1971,4,28,2
509,1980,5,2,2
510,1976,4,15,2
511,1959,2,18,2
512,1965,8,3,1
513,1974,1,11,1
514,1968,11,15,2
515,1932,5,26,2
516,1930,4,27,1
517,1965,7,25,2
518,1979,4,28,1
519,1980,4,13,2
520,1947,9,27,1
521,1975,12,25,2
522,1956,3,4,1
523,1922,12,17,2
524,1963,1,2,1
525,1969,8,14,2
526,1964,2,1,2
527,1966,8,18,1
528,1977,2,11,2
529,1978,11,5,2
530,1957,9,27,1
531,1976,10,4,2
532,1980,9,3,1
533,1941,5,19,1
534,1957,7,22,2
535,1937,9,9,2
536,1939,8,25,2
537,1935,1,16,2
538,1948,5,10,1
540,1921,7,28,2
541,1927,3,9,1
542,1921,2,9,1
543,1958,4,15,1
544,1948,11,16,2
545,1973,10,11,1
546,1953,8,25,2
547,1949,3,31,2
548,1937,12,4,2
550,1961,11,30,2
551,1976,7,5,1
552,1934,5,8,1
553,1941,4,7,2
554,1925,4,19,1
555,1926,10,21,2
556,1946,7,8,2
557,1939,7,17,2
558,1920,7,5,1
559,1972,9,5,1
560,1967,12,16,1
561,1962,11,10,1
562,1975,9,22,1
563,1961,9,9,1
564,1955,1,24,2
565,1959,7,3,1
566,1946,3,5,1
567,1950,5,2,2
568,1960,7,19,1
569,1962,6,15,2
570,1941,1,31,1
571,1924,9,27,2
572,1920,8,4,1
573,1967,8,10,2
574,1972,12,25,2
575,1970,4,4,2
576,1974,5,12,1
577,1963,12,5,1
578,1977,7,7,1
579,1933,5,31,1
581,1949,2,4,1
582,1950,9,26,2
583,1965,1,1,1
584,1976,5,13,1
585,1942,2,21,1
586,1947,11,3,2
587,1945,7,8,1
588,1960,10,20,1
589,1961,9,17,2
590,1949,2,15,2
591,1974,10,29,1
592,1965,7,18,2
593,1954,7,10,1
596,1948,10,24,2
597,1943,2,22,2
598,1970,12,31,2
599,1977,5,18,1
601,1966,3,12,2
602,1965,1,16,1
603,1966,3,9,1
604,1965,7,31,1
605,1970,8,27,1
606,1949,1,25,1
607,1964,3,30,2
608,1972,8,31,2
609,1962,9,2,2
610,1979,8,10,1
611,1952,10,13,2
612,1960,11,10,1
613,1977,8,10,1
614,1947,2,3,1
615,1949,9,13,1
616,1975,1,1,2
617,1974,3,14,2
618,1932,3,16,1
619,1920,9,7,2
620,1918,2,13,1
621,1939,3,17,2
622,1931,11,23,1
623,1925,9,4,2
624,1932,7,26,1
625,1978,11,24,1
626,1980,4,13,2
627,1972,4,11,2
628,1970,5,27,1
629,1976,3,10,2
630,1952,3,3,2
631,1956,3,22,1
632,1946,3,16,2
633,1938,6,12,1
635,1927,6,29,1
636,1935,2,17,2
637,1970,12,15,1
638,1961,2,3,1
639,1978,8,2,2
640,1979,4,15,2
641,1962,7,4,1
642,1963,10,25,2
643,1949,6,13,1
644,1961,4,23,1
645,1925,12,21,2
646,1922,9,29,1
647,1929,4,6,2
648,1935,9,28,1
649,1978,5,2,1
651,1976,1,27,1
652,1938,12,8,2
653,1930,11,21,1
654,1942,5,17,1
655,1942,12,10,2
656,1956,6,6,2
657,1926,7,10,1
658,1926,12,21,2
659,1965,12,7,2
660,1923,3,22,2
661,1919,1,15,1
662,1945,8,7,2
663,1923,1,20,2
664,1980,3,19,1
665,1932,4,5,1
666,1982,5,23,2
667,1981,7,20,1
668,1942,12,25,1
669,1956,12,19,1
670,1959,1,21,2
671,1971,2,27,1
672,1929,11,9,1
673,1939,10,29,2
674,1927,1,11,1
675,1975,11,12,2
676,1953,2,7,2
677,1963,5,24,2
678,1933,5,28,1
679,1940,3,19,2
680,1940,5,9,1
681,1977,1,15,2
682,1979,10,21,2
683,1945,8,29,1
684,1976,4,10,1
685,1930,12,13,1
686,1971,10,3,1
687,1975,1,28,2
688,1954,5,4,2
689,1964,8,2,2
690,1942,11,7,2
691,1944,1,13,1
692,1936,1,11,1
693,1935,3,17,2
694,1936,2,28,2
695,1955,6,27,2
696,1952,12,1,1
697,1974,5,1,2
698,1954,2,27,2
699,1922,4,22,1
700,1929,11,20,2
702,1968,11,7,1
703,1959,4,26,2
704,1975,5,1,2
705,1938,12,10,2
706,1948,8,5,2
707,1941,12,14,2
708,1977,11,27,1
709,1934,12,29,2
710,1925,11,28,2
711,1963,8,16,1
712,1962,12,4,2
713,1980,3,29,1
714,1970,10,8,2
715,1952,1,15,1
716,1954,12,4,1
717,1968,5,2,2
718,1960,2,28,1
719,1974,8,9,2
720,1954,9,6,2
721,1940,2,15,2
722,1970,11,25,1
723,1957,7,26,1
724,1953,2,2,1
725,1956,12,11,2
726,1935,2,13,2
727,1930,7,20,1
728,1932,1,20,2
729,1969,3,17,1
730,1973,8,14,2
731,1979,1,22,1
732,1978,7,5,2
733,1978,7,28,2
734,1985,1,14,1
735,1973,11,26,2
736,1977,4,26,1
737,1952,11,4,2
738,1920,3,26,2
739,1942,4,16,2
740,1923,11,7,2
741,1941,7,9,2
742,1951,10,15,1
743,1941,2,17,2
744,1940,7,18,2
745,1966,2,14,1
746,1962,4,16,2
747,1953,8,20,1
748,1936,10,15,2
749,1933,7,29,1
750,1956,9,29,1
751,1959,3,9,2
752,1944,12,20,2
753,1940,9,24,1
754,1947,6,4,1
755,1947,11,21,2
756,1920,5,13,2
757,1970,12,20,1
758,1961,7,26,1
759,1955,5,20,2
760,1936,8,25,1
762,1937,4,20,2
763,1927,8,24,1
764,1955,10,13,1
765,1969,12,31,2
766,1926,7,3,1
767,1923,6,16,2
768,1931,9,23,1
769,1977,12,15,2
772,1944,12,10,2
773,1935,10,30,2
774,1973,3,3,2
775,1940,11,30,1
776,1953,5,3,1
777,1961,5,20,2
778,1940,6,4,2
779,1944,6,12,1
780,1924,2,26,2
781,1945,9,20,2
782,1963,3,18,1
783,1971,3,25,1
784,1964,12,28,2
785,1934,9,9,2
786,1978,9,6,2
787,1947,12,8,2
788,1974,9,3,2
789,1931,9,21,2
790,1967,5,9,1
791,1950,9,29,1
793,1978,2,4,2
794,1979,7,16,1
796,1919,8,30,2
797,1948,1,27,2
798,1940,2,12,1
799,1936,2,19,2
803,1951,2,15,2
804,1956,1,23,1
806,1980,4,22,2
807,1969,10,21,1
808,1963,11,28,2
809,1919,10,15,2
810,1945,9,24,1
811,1940,5,28,2
812,1940,12,6,2
813,1964,1,29,2
814,1959,10,1,2
815,1964,10,27,1
816,1958,2,1,1
818,1966,4,27,2
819,1958,7,8,2
820,1960,11,6,1
821,1948,5,12,2
822,1959,5,8,1
823,1956,10,24,2
824,1952,9,5,2
825,1977,4,2,2
826,1978,1,23,2
827,1965,9,4,1
828,1958,12,10,2
829,1957,5,19,2
830,1948,8,27,2
831,1948,5,2,2
832,1923,12,23,1
833,1960,6,11,2
834,1922,12,17,2
835,1943,10,20,1
836,1948,6,14,2
837,1974,10,14,2
838,1968,2,4,1
839,1955,5,18,1
840,1937,4,26,2
841,1981,2,10,2
842,1933,7,3,1
843,1957,9,3,1
844,1945,1,14,2
845,1953,1,30,1
846,1949,12,1,2
847,1979,12,25,2
849,1939,6,6,1
850,1969,9,21,2
851,1919,6,16,2
852,1916,6,4,1
853,1949,6,2,2
854,1941,11,2,1
855,1930,1,28,2
856,1919,1,22,2
857,1948,2,21,2
858,1959,3,29,1
859,1968,7,29,1
860,1967,12,8,2
861,1956,9,13,1
862,1952,1,5,2
863,1968,11,29,1
864,1953,3,27,2
865,1946,11,3,1
866,1975,11,24,1
870,1957,5,6,2
871,1974,3,11,2
872,1963,2,22,2
873,1944,1,5,2
874,1952,9,5,1
875,1956,12,7,2
876,1960,11,25,2
877,1927,1,21,1
878,1920,4,17,2
879,1943,12,8,1
880,1960,2,17,2
881,1975,2,22,1
882,1933,9,9,1
883,1920,1,6,1
884,1918,10,14,2
885,1923,2,8,2
886,1948,2,2,2
887,1973,11,28,1
888,1973,10,26,2
889,1981,10,24,1
890,1919,3,30,2
891,1931,1,31,2
892,1922,5,24,1
893,1935,10,23,1
894,1934,8,18,2
895,1970,7,3,2
896,1973,4,24,1
897,1981,3,25,2
898,1943,4,27,1
899,1944,2,13,2
900,1977,4,10,2
901,1919,12,21,2
902,1950,8,15,2
903,1934,3,6,2
904,1932,2,8,2
905,1940,10,23,2
906,1978,6,16,2
907,1948,3,11,2
908,1961,3,7,1
909,1975,9,7,2
910,1961,9,27,2
911,1939,11,28,2
912,1920,10,29,2
913,1938,11,18,2
914,1921,1,19,1
915,1975,5,3,2
916,1958,6,29,2
917,1973,9,16,1
918,1964,12,23,2
921,1954,2,13,1
922,1972,8,16,1
923,1978,8,22,2
924,1953,7,12,2
925,1959,8,13,2
926,1981,1,22,2
927,1974,10,26,2
928,1951,10,10,1
929,1935,4,23,2
930,1959,8,25,1
931,1968,6,7,2
932,1947,9,27,2
933,1978,3,11,1
934,1982,8,19,2
935,1946,5,17,1
936,1943,7,30,2
937,1931,11,14,2
938,1944,8,7,1
939,1952,8,3,2
940,1960,8,11,2
941,1935,10,5,2
942,1931,9,2,1
943,1936,9,26,2
944,1970,12,18,2
945,1977,1,10,1
946,1951,8,6,2
948,1924,4,22,2
949,1976,7,27,2
950,1965,4,12,1
951,1960,9,17,2
952,1951,5,1,1
953,1937,10,17,2
954,1942,10,20,1
955,1970,1,28,2
956,1966,10,21,2
957,1941,12,23,1
958,1942,5,4,2
959,1962,9,12,1
960,1957,4,13,1
961,1931,10,4,1
962,1966,2,19,2
963,1966,12,17,1
964,1953,10,21,1
965,1972,12,1,1
966,1978,9,2,2
967,1979,6,20,2
968,1957,2,17,2
970,1957,3,29,2
971,1919,1,1,1
972,1917,5,6,2
973,1970,10,6,1
974,1963,6,24,2
975,1959,7,12,1
976,1955,11,19,1
977,1926,5,10,1
978,1968,6,9,1
979,1966,11,18,2
980,1961,9,30,2
981,1960,6,28,2
984,1949,7,3,2
985,1947,1,13,1
986,1955,5,16,2
987,1952,5,20,2
988,1939,10,1,1
989,1933,8,15,2
990,1961,12,24,2
991,1941,6,27,2
992,1948,5,21,2
993,1969,10,31,1
994,1971,4,27,2
995,1973,10,30,1
996,1980,6,26,1
997,1950,11,11,2
998,1953,6,28,1
999,1966,9,1,1
1000,1961,10,27,2
1001,1947,4,14,2
1002,1944,3,8,1
1003,1937,10,31,1
1004,1957,9,25,2
1006,1942,6,28,1
1007,1938,1,5,2
1008,1956,7,6,2
1009,1962,4,27,1
1010,1955,8,16,2
1011,1939,7,13,2
1012,1966,2,13,1
1013,1973,3,12,2
1014,1931,2,8,2
1015,1934,3,13,2
1016,1940,7,21,1
1017,1943,2,12,1
1018,1945,2,28,2
1019,1946,12,22,1
1020,1977,5,10,1
1021,1977,8,5,2
1022,1940,7,23,2
1023,1938,12,28,2
1024,1956,3,29,2
1025,1964,7,8,2
1026,1979,8,12,2
1027,1940,11,4,1
1028,1934,10,2,2
1029,1954,3,16,1
1030,1947,10,11,2
1031,1968,12,11,1
1032,1938,10,30,1
1033,1937,10,14,2
1034,1974,11,11,1
1035,1971,3,28,1
1036,1976,12,6,2
1037,1965,11,1,1
1038,1961,9,23,1
1039,1980,10,11,1
1040,1960,6,17,2
1041,1961,7,5,2
1042,1966,9,25,1
1043,1963,11,16,2
1044,1971,9,13,1
1045,1947,12,24,1
1046,1975,8,24,2
1047,1963,7,11,1
1048,1974,10,3,1
1049,1942,11,11,2
1050,1971,7,1,1
1051,1971,8,26,1
1052,1964,3,11,2
1053,1958,6,3,1
1054,1924,8,20,2
1055,1919,5,17,2
1056,1963,6,19,2
1057,1939,2,21,2
1058,1975,8,1,1
1059,1960,6,3,2
1060,1957,12,17,1
1062,1975,1,8,2
1063,1976,6,12,1
1064,1951,2,3,1
1065,1957,11,26,2
1066,1940,10,18,2
1067,1952,5,14,2
1068,1926,10,20,1
1069,1938,2,21,1
1070,1938,12,2,2
1071,1925,1,25,2
1072,1966,12,8,1
1073,1924,4,10,2
1074,1928,8,25,1
1075,1934,6,4,1
1076,1979,5,11,1
1077,1920,6,23,2
1078,1978,12,15,1
1079,1961,7,15,2
1080,1950,10,6,1
1081,1970,12,16,2
1082,1967,2,23,2
1083,1937,12,15,2
1084,1944,4,9,1
1085,1932,12,19,1
1086,1973,5,4,2
1087,1978,7,30,1
1088,1969,8,23,1
1089,1939,12,9,2
1090,1939,6,20,1
1091,1940,6,27,1
1092,1962,7,20,1
1093,1976,7,28,1
1094,1960,10,4,1
1095,1954,2,16,2
1096,1926,3,3,1
1097,1930,9,2,2
1098,1948,9,10,1
1099,1979,11,21,1
1100,1951,7,4,2
1101,1946,6,22,2
1102,1935,1,29,2
1103,1951,8,18,2
1104,1955,2,9,1
1105,1942,1,3,2
1106,1940,2,25,1
1107,1961,4,26,2
1108,1955,12,22,1
1109,1931,9,1,1
1110,1928,3,24,1
1111,1979,6,4,2
1112,1930,7,25,1
1113,1976,8,20,2
1114,1980,6,18,2
1115,1920,8,24,1
1116,1973,4,19,1
1117,1976,11,1,1
1118,1969,11,3,2
1119,1980,1,5,1
1120,1973,10,21,1
1121,1939,3,2,2
1122,1921,2,18,2
1123,1922,8,26,1
1124,1928,4,12,2
1125,1934,3,30,1
1126,1935,10,23,2
1127,1974,11,12,2
1128,1930,7,16,2
1129,1931,9,24,2
1130,1940,11,26,1
1131,1947,10,28,1
1132,1948,3,21,2
1133,1958,9,15,1
1134,1959,10,1,2
1135,1952,7,21,2
1136,1976,9,18,1
1137,1977,3,5,1
1138,1970,9,30,1
1139,1973,9,22,2
1140,1946,2,24,2
1141,1941,4,22,1
1142,1946,11,19,1
1143,1946,5,15,2
1145,1968,9,14,1
1146,1965,11,14,2
1147,1930,5,12,2
1148,1941,5,15,2
1149,1976,9,25,1
1150,1945,6,24,1
1151,1973,3,6,2
1152,1981,3,12,2
1153,1980,11,15,1
1154,1924,1,31,2
1155,1922,7,10,1
1156,1933,11,11,1
1157,1958,12,30,1
1158,1954,8,21,1
1159,1944,2,3,2
1160,1938,7,28,1
1161,1973,5,25,2
1162,1975,2,19,1
1163,1964,8,28,2
1164,1959,9,14,1
1165,1942,10,2,1
1166,1959,6,27,2
1167,1954,3,17,1
1168,1978,5,31,2
1169,1941,1,24,1
1170,1977,4,28,2
1171,1974,3,28,1
1172,1923,6,13,1
1173,1922,6,2,2
1174,1970,3,13,1
1175,1925,10,25,2
1176,1918,8,31,1
1177,1939,6,21,1
1178,1971,10,4,1
1179,1930,10,5,1
1180,1944,10,6,2
1181,1939,11,12,2
1182,1946,10,16,1
1183,1942,11,29,2
1186,1947,8,5,1
1187,1961,9,6,1
1188,1968,9,19,2
1189,1932,2,15,1
1190,1976,4,12,1
1191,1977,6,2,2
1192,1925,1,1,1
1193,1926,1,29,2
1194,1939,6,14,1
1195,1939,1,22,1
1196,1943,4,16,2
1197,1966,10,2,1
1198,1975,2,17,1
1199,1976,10,24,1
1200,1931,11,17,1
1201,1945,9,10,2
1202,1980,10,11,1
1204,1974,11,9,1
1206,1957,6,21,2
1207,1939,9,17,1
1208,1975,9,1,1
1209,1957,4,9,1
1210,1961,10,12,2
1211,1978,7,14,2
1212,1927,9,19,1
1213,1966,4,28,2
1214,1940,11,15,2
1215,1944,5,6,2
1216,1945,6,12,1
1217,1937,4,17,2
1218,1980,5,27,2
1219,1944,7,31,2
1220,1953,12,16,1
1221,1973,5,18,1
1222,1939,11,30,1
1223,1955,8,13,1
1224,1938,5,12,2
1225,1946,8,21,2
1226,1951,4,14,1
1227,1955,10,2,2
1228,1949,8,28,1
1229,1971,2,2,2
1231,1965,9,27,1
1232,1959,4,13,2
1233,1942,10,22,2
1234,1975,1,15,2
1235,1979,7,12,1
1236,1967,4,28,1
1237,1923,11,7,2
1238,1935,9,1,2
1239,1976,9,9,1
1240,1976,8,24,1
1241,1942,12,17,1
1242,1944,8,21,1
1243,1974,10,5,1
1244,1964,5,2,2
1245,1979,8,13,2
1246,1962,11,19,2
1247,1969,10,9,1
1248,1971,6,24,2
1250,1952,8,1,1
1251,1959,5,30,2
1252,1953,8,19,1
1253,1967,8,28,1
1254,1939,8,31,1
1255,1966,8,7,1
1256,1955,11,13,1
1257,1928,9,1,1
1258,1924,9,20,2
1259,1966,9,29,2
1260,1945,1,3,1
1261,1951,9,28,2
1262,1952,4,3,2
1263,1959,2,25,1
1264,1976,10,3,1
1265,1958,12,21,1
1266,1952,11,24,1
1267,1954,2,11,1
1268,1949,3,30,2
1269,1948,12,31,1
1270,1930,5,16,2
1271,1935,11,29,2
1272,1944,4,15,2
1273,1978,6,15,2
1274,1976,1,25,2
1275,1951,10,10,1
1276,1942,4,26,1
1277,1931,4,7,2
1278,1978,9,12,2
1279,1956,7,11,2
1280,1952,5,8,2
1281,1949,12,28,1
1282,1936,11,27,2
1283,1939,2,9,1
1284,1943,8,4,2
1285,1939,11,26,2
1286,1950,3,13,1
1287,1944,8,9,1
1288,1972,5,20,2
1289,1946,9,18,2
1290,1976,1,29,2
1291,1964,4,18,1
1292,1977,4,28,2
1293,1927,1,29,2
1294,1930,5,29,1
1295,1944,2,9,1
1296,1959,8,1,1
1297,1918,1,28,1
1298,1921,3,15,2
1299,1920,10,16,1
1300,1979,10,27,2
1303,1940,8,16,1
1304,1936,7,28,2
1305,1945,4,28,1
1306,1922,10,8,1
1307,1953,4,8,2
1308,1954,2,18,2
1309,1975,6,17,2
1310,1977,9,24,1
1311,1956,12,18,1
1312,1935,4,3,1
1313,1970,11,20,2
1314,1975,6,9,1
1315,1923,2,26,2
1316,1946,11,13,1
1317,1945,5,18,2
1318,1931,3,10,2
1321,1977,11,9,1
1322,1945,9,22,1
1323,1944,1,6,2
1324,1956,8,7,1
1325,1945,9,19,2
1326,1956,5,12,1
1327,1963,12,31,1
1328,1937,6,5,1
1329,1918,2,16,2
1330,1968,9,17,2
1331,1963,11,24,2
1332,1957,11,27,1
1333,1949,4,20,2
1334,1978,2,6,2
1335,1961,1,25,1
1336,1962,11,4,2
1337,1979,3,29,1
1338,1983,7,26,2
1339,1959,5,4,2
1340,1939,3,20,1
1341,1962,6,17,1
1343,1939,8,16,1
1344,1935,2,18,2
1345,1968,5,22,2
1346,1954,8,29,2
1347,1970,3,6,2
1348,1975,6,7,1
1349,1968,1,7,1
1350,1959,4,28,2
1351,1951,9,24,1
1352,1971,4,1,1
1353,1959,2,13,2
1354,1921,1,14,2
1355,1976,2,1,1
1356,1932,9,18,2
1359,1951,9,4,1
1360,1946,8,19,2
1361,1922,9,29,1
1362,1929,1,3,2
1363,1979,12,27,1
1364,1933,12,28,2
1365,1938,2,23,1
1366,1980,3,2,1
1367,1965,10,27,1
1368,1957,12,30,2
1369,1978,10,23,2
1370,1965,1,11,1
1371,1948,10,22,1
1372,1976,12,7,1
1373,1975,2,8,1
1375,1977,1,27,2
1376,1958,9,3,2
1377,1951,7,23,1
1378,1941,11,25,1
1379,1937,2,18,2
1380,1953,7,29,1
1382,1979,11,23,1
1383,1982,10,5,2
1384,1953,4,24,1
1385,1953,8,30,2
1386,1956,8,9,1
1387,1977,2,22,1
1388,1962,9,6,1
1389,1927,3,4,1
1390,1979,5,27,1
1391,1965,11,22,2
1392,1932,2,6,2
1393,1934,5,1,1
1394,1942,8,22,1
1395,1941,10,18,2
1396,1946,3,14,1
1397,1921,12,25,1
1401,1981,7,24,2
1402,1936,11,25,2
1403,1944,1,2,1
1404,1968,12,20,1
1406,1948,11,12,1
1407,1941,8,4,2
1408,1969,8,7,2
1409,1951,4,30,2
1410,1944,2,3,2
1411,1939,8,6,1
1412,1979,11,5,2
1413,1969,7,16,1
1414,1974,11,13,1
1416,1927,12,2,2
1417,1966,11,12,1
1418,1974,6,16,1
1419,1918,1,25,1
1420,1916,1,20,2
1421,1956,2,10,1
1422,1976,2,23,1
1423,1982,4,11,2
1424,1952,1,5,2
1425,1968,8,27,2
1426,1964,4,30,1
1427,1965,12,16,1
1428,1920,4,23,2
1429,1927,9,4,1
1430,1982,5,29,1
1431,1930,11,8,1
1432,1961,8,17,1
1433,1959,7,10,1
1434,1967,3,25,2
1435,1953,6,25,2
1438,1963,10,25,1
1439,1974,9,10,2
1440,1978,1,17,2
1441,1931,12,5,1
1442,1933,4,18,2
1443,1935,1,25,2
1444,1942,7,14,1
1445,1941,7,24,2
1446,1954,7,29,2
1447,1952,6,21,1
1448,1957,10,9,1
1449,1949,6,29,2
1450,1969,3,17,1
1452,1940,5,28,1
1453,1966,3,29,1
1454,1925,10,3,2
1455,1927,9,2,1
1456,1928,4,24,2
1457,1934,10,12,1
1458,1938,4,8,2
1459,1976,9,8,2
1460,1933,3,13,1
1461,1969,12,21,2
1462,1941,3,2,2
1463,1936,1,26,1
1464,1928,4,1,1
1465,1931,1,6,2
1466,1953,8,22,2
1467,1924,9,30,2
1468,1940,4,16,1
1469,1966,9,14,1
1470,1942,5,4,2
1471,1938,9,15,1
1472,1967,9,10,1
1473,1931,12,6,1
1474,1971,12,15,1
1475,1932,3,31,2
1476,1970,11,30,2
1478,1969,8,21,2
1479,1956,6,22,2
1480,1943,5,28,2
1481,1933,11,23,1
1482,1950,3,28,1
1483,1951,5,10,1
1484,1952,6,18,2
1485,1978,5,14,2
1486,1974,9,13,1
1487,1976,8,27,1
1488,1961,1,9,2
1489,1928,1,24,2
1490,1928,4,20,2
1491,1982,4,21,2
1492,1968,5,9,1
1493,1922,12,29,2
1494,1915,3,22,1
1495,1931,2,10,1
1496,1942,6,8,1
1497,1948,8,3,1
1498,1941,2,9,2
1499,1951,11,29,1
1500,1981,12,12,2
1501,1946,1,22,2
1502,1973,1,24,2
1503,1922,9,1,2
1504,1918,1,16,1
1505,1971,6,25,1
1506,1931,6,25,2
1507,1929,11,22,1
1508,1954,6,30,1
1509,1942,4,19,1
1510,1948,1,30,1
1511,1962,3,6,1
1512,1942,8,11,1
1513,1959,8,21,2
1514,1957,8,2,2
1516,1946,10,17,1
1517,1956,10,2,2
1518,1960,7,28,1
1519,1959,7,6,2
1520,1956,11,5,2
1521,1979,10,10,2
1522,1968,5,14,1
1523,1931,8,30,1
1524,1962,1,13,1
1525,1943,3,9,2
1526,1935,3,15,1
1527,1934,12,18,2
1528,1964,3,20,2
1529,1972,6,20,1
1530,1945,8,6,1
1531,1960,6,28,1
1532,1962,10,30,2
1533,1960,12,22,2
1534,1952,12,22,1
1535,1936,10,28,2
1536,1967,10,13,1
1537,1979,12,7,2
1539,1923,11,19,2
1540,1937,11,7,2
1541,1933,3,6,1
1542,1919,12,8,2
1543,1927,6,2,1
1546,1930,4,13,2
1547,1927,12,20,1
1548,1923,3,4,2
1549,1928,11,14,1
1550,1946,11,21,1
1554,1944,12,15,2
1555,1950,9,14,2
1556,1950,4,2,2
1557,1959,12,14,1
1558,1927,1,25,1
1559,1940,10,20,2
1561,1923,9,16,1
1562,1919,8,14,2
1563,1978,8,6,2
1564,1947,6,25,1
1565,1960,5,19,2
1566,1966,10,20,1
1567,1930,4,19,2
1568,1927,6,29,1
1569,1956,7,17,1
1570,1958,6,17,2
1571,1967,10,15,1
1572,1963,12,12,1
1574,1979,2,18,2
1575,1923,10,6,1
1576,1919,5,2,2
1577,1944,4,19,2
1578,1971,8,15,1
1579,1963,10,13,2
1580,1968,6,18,1
1581,1963,4,15,1
1582,1934,2,14,2
1583,1972,1,8,1
1584,1962,1,29,1
1585,1935,7,20,2
1586,1934,1,12,1
1587,1928,5,5,2
1588,1950,10,29,2
1589,1951,11,27,1
1590,1940,8,10,1
1591,1953,7,7,1
1592,1928,4,11,2
1593,1925,5,31,1
1594,1939,9,29,2
1595,1954,12,16,1
1596,1978,10,22,1
1597,1956,5,10,2
1598,1925,4,25,2
1599,1964,10,8,2
1600,1965,6,15,1
1601,1969,3,29,1
1602,1968,12,30,2
1603,1968,8,27,2
1604,1969,7,21,1
1605,1980,9,21,1
1606,1982,9,2,2
1607,1941,5,26,1
1608,1941,11,11,2
1609,1944,5,30,1
1610,1942,4,23,1
1611,1963,12,2,1
1612,1959,6,30,2
1613,1961,1,15,2
1614,1938,5,18,2
1615,1952,4,28,1
1616,1938,5,23,2
1617,1950,4,30,1
1618,1979,12,7,1
1619,1942,1,27,1
1620,1936,5,15,2
1621,1952,4,5,1
1622,1950,10,12,2
1623,1963,7,9,2
1624,1965,9,10,2
1625,1973,7,12,1
1628,1957,3,25,1
1629,1966,9,1,2
1630,1964,2,19,1
1631,1976,4,30,2
1632,1943,2,20,1
1633,1972,8,28,1
1634,1969,11,10,2
1635,1930,9,2,1
1636,1932,9,12,2
1637,1943,10,20,2
1638,1954,1,30,1
1639,1959,5,1,1
1640,1953,6,13,1
1641,1923,1,28,1
1642,1959,10,10,1
1643,1976,4,17,1
1644,1976,6,6,2
1645,1961,3,10,1
1646,1966,3,17,2
1647,1978,3,26,1
1648,1952,3,12,2
1649,1950,3,16,1
1650,1953,3,29,2
1651,1966,7,10,1
1653,1944,6,19,2
1654,1963,12,8,2
1655,1972,2,4,2
1656,1968,6,18,1
1657,1935,10,2,2
1658,1929,8,21,1
1659,1937,12,15,1
1660,1982,12,11,1
1661,1953,4,16,1
1662,1967,9,7,2
1663,1957,4,29,2
1664,1918,11,10,1
1665,1912,3,2,2
1666,1941,8,31,2
1667,1940,8,13,1
1668,1949,8,17,1
1669,1952,10,25,2
1670,1961,5,7,2
1671,1931,9,15,1
1672,1928,1,7,2
1673,1972,7,9,2
1674,1920,10,27,1
1675,1940,2,15,2
1676,1953,2,3,2
1677,1946,9,7,1
1679,1942,4,17,1
1680,1975,3,28,1
1681,1940,11,25,2
1682,1956,9,7,2
1683,1951,12,24,1
1684,1946,10,25,2
1685,1944,4,21,1
1686,1947,11,8,1
1687,1947,2,27,2
1688,1923,8,10,2
1689,1936,12,4,2
1690,1947,8,17,1
1691,1978,2,8,1
1692,1972,2,7,2
1693,1980,7,6,1
1694,1979,12,27,2
1696,1923,3,21,1
1697,1964,1,10,1
1698,1967,11,21,2
1699,1955,3,11,2
1700,1949,3,9,2
1701,1945,6,11,1
1702,1973,4,7,1
1703,1918,1,11,2
1704,1914,10,3,1
1705,1946,7,1,1
1706,1944,7,19,2
1707,1951,2,18,2
1709,1952,12,13,1
1710,1944,2,11,2
1711,1962,6,14,1
1712,1964,1,1,2
1713,1935,4,21,2
1714,1945,5,22,2
1717,1979,3,7,1
1718,1938,7,27,2
1719,1970,8,9,2
1720,1934,2,24,1
1721,1934,7,2,2
1722,1933,10,1,2
1723,1981,2,28,1
1724,1934,10,21,1
1725,1959,1,18,1
1726,1952,6,3,2
1727,1951,1,21,2
1728,1946,8,18,1
1729,1947,5,16,2
1730,1932,12,15,2
1731,1968,11,30,1
1733,1974,7,20,1
1734,1975,11,10,2
1735,1976,5,31,1
1736,1979,4,17,1
1737,1955,7,30,2
1738,1963,1,25,1
1741,1932,7,2,2
1742,1954,6,6,2
1743,1959,7,27,2
1744,1969,12,28,1
1745,1959,10,18,1
1746,1959,9,10,1
1747,1956,2,20,2
1748,1976,12,31,2
1749,1928,11,17,1
1750,1964,12,31,2
1751,1959,1,24,2
1752,1978,11,23,2
1753,1979,2,26,1
1754,1979,5,29,2
1755,1965,8,18,1
1756,1936,7,8,2
1757,1937,9,30,1
1758,1947,11,13,2
1759,1923,1,16,1
1760,1923,3,7,2
1761,1948,4,23,2
1762,1956,12,30,2
1763,1967,12,7,2
1764,1971,7,9,2
1765,1975,8,3,2
1768,1951,4,27,2
1769,1949,8,5,2
1770,1951,10,15,1
1771,1927,10,20,1
1772,1979,9,21,1
1774,1971,10,5,1
1775,1943,12,8,2
1776,1954,10,24,1
1777,1963,1,8,1
1778,1968,9,2,2
1779,1935,11,26,2
1780,1954,12,9,1
1781,1924,8,16,2
1782,1948,12,24,2
1783,1946,10,5,1
1784,1980,11,2,1
1785,1975,11,25,2
1786,1934,6,25,1
1787,1931,11,28,2
1788,1950,3,23,2
1789,1933,8,7,1
1790,1953,5,28,2
1791,1966,5,12,1
1792,1975,9,1,2
1793,1945,3,17,1
1794,1940,3,30,1
1795,1960,2,28,1
1796,1938,11,23,2
1797,1941,11,4,1
1798,1933,7,8,2
1799,1959,6,26,2
1800,1943,9,28,1
1801,1970,1,1,2
1802,1964,10,16,1
1803,1946,5,12,1
1806,1952,1,3,2
1807,1935,6,30,2
1808,1933,6,26,1
1809,1931,5,12,2
1810,1919,6,30,2
1811,1939,3,29,2
1812,1947,5,17,1
1813,1949,9,28,2
1814,1940,3,12,2
1815,1977,2,24,1
1816,1951,7,24,2
1817,1953,12,6,1
1818,1956,10,2,2
1819,1979,4,20,1
1820,1928,11,20,1
1821,1941,4,24,2
1822,1922,9,13,1
1823,1978,8,7,1
1824,1960,8,3,2
1825,1974,4,24,1
1826,1937,9,12,2
1827,1941,8,16,1
1828,1962,11,14,2
1829,1942,8,16,1
1830,1952,2,3,2
1831,1976,10,9,2
1832,1966,7,31,1
1833,1966,11,15,2
1834,1927,2,19,2
1835,1928,3,11,1
1836,1944,3,7,1
1837,1957,1,13,2
1838,1959,11,27,1
1839,1936,12,18,1
1840,1935,10,28,2
1841,1953,3,23,1
1842,1943,9,13,2
1843,1939,1,25,1
1844,1922,2,3,1
1845,1918,11,14,2
1846,1980,12,12,2
1847,1979,1,30,1
1848,1924,7,2,1
1849,1922,9,24,1
1850,1942,7,5,1
1851,1975,9,12,1
1852,1962,9,5,2
1853,1965,8,18,2
1854,1932,5,27,1
1856,1968,8,22,1
1857,1964,3,16,2
1860,1964,10,31,1
1861,1957,7,15,2
1862,1977,10,9,1
1863,1952,2,16,2
1864,1948,3,14,2
1865,1949,6,9,1
1866,1942,6,11,1
1867,1944,9,24,1
1868,1980,2,16,2
1869,1933,2,14,1
1870,1935,4,29,2
1871,1980,2,20,1
1872,1963,1,24,1
1873,1968,10,26,2
1874,1946,10,20,2
1875,1976,10,19,2
1876,1951,7,1,2
1877,1957,8,21,1
1878,1963,9,2,2
1879,1944,4,2,1
1880,1974,8,8,2
1881,1934,1,24,2
1882,1932,5,24,1
1883,1961,10,27,1
1884,1976,1,26,1
1885,1970,1,7,1
1886,1920,4,7,2
1887,1926,7,15,2
1888,1918,9,24,1
1889,1957,7,28,1
1890,1955,8,14,1
1891,1959,3,4,1
1892,1928,3,26,2
1893,1934,2,11,1
1894,1947,11,5,1
1895,1965,11,3,1
1896,1982,2,8,2
1897,1969,3,7,1
1898,1961,8,1,2
1899,1941,7,3,2
1900,1965,11,22,2
1901,1962,11,7,1
1903,1939,8,30,1
1904,1941,2,22,2
1905,1949,5,18,1
1906,1922,7,7,2
1907,1928,9,8,1
1908,1920,1,17,2
1909,1944,3,16,1
1910,1946,11,8,2
1911,1938,4,21,1
1912,1972,2,26,2
1913,1968,4,15,2
1914,1942,6,20,1
1915,1939,9,9,2
1916,1926,7,19,2
1917,1969,3,13,1
1919,1949,5,4,2
1920,1975,8,7,2
1921,1946,10,26,1
1922,1949,4,3,2
1923,1958,5,7,1
1924,1938,5,29,2
1925,1938,6,23,2
1926,1935,2,8,1
1927,1952,4,26,2
1928,1952,8,14,1
1929,1955,8,15,1
1930,1934,2,21,1
1931,1942,11,14,1
1932,1940,1,21,1
1934,1933,11,21,1
1935,1929,5,12,1
1936,1955,10,16,1
1937,1960,3,27,2
1938,1939,9,30,1
1939,1925,8,14,2
1940,1923,1,22,1
1941,1921,7,12,1
1942,1915,5,10,2
1943,1926,2,11,2
1944,1957,1,22,1
1945,1954,6,3,2
1946,1935,7,19,2
1947,1981,2,8,2
1948,1939,2,19,1
1949,1942,6,23,2
1950,1929,7,6,2
1951,1971,4,29,2
1952,1971,3,9,1
1953,1965,9,22,2
1954,1952,7,28,2
1955,1971,10,28,1
1956,1925,7,9,1
1957,1972,3,4,2
1958,1977,11,21,1
1959,1920,12,26,2
1960,1946,8,23,2
1961,1920,6,4,1
1962,1950,11,18,2
1963,1945,6,12,2
1964,1931,8,5,2
1965,1939,8,10,2
1966,1948,7,1,1
1967,1963,11,15,1
1968,1960,8,13,2
1969,1926,8,26,1
1970,1947,11,5,1
1971,1969,3,14,1
1972,1946,4,29,1
1973,1931,9,13,1
1974,1918,7,14,2
1975,1915,9,27,1
1976,1918,10,12,2
1977,1935,10,25,1
1978,1952,5,22,1
1979,1926,3,19,1
1980,1959,4,30,2
1981,1970,9,22,1
1982,1977,7,8,2
1983,1982,2,5,1
1984,1926,8,29,2
1985,1937,12,13,2
1986,1942,8,13,1
1988,1952,5,4,2
1989,1939,1,13,1
1990,1943,11,25,2
1991,1918,11,9,2
1993,1975,6,21,2
1994,1967,7,6,1
1995,1941,4,10,1
1996,1937,3,20,2
1997,1977,11,9,1
1998,1978,12,15,1
1999,1982,2,10,1
2000,1942,5,9,1
2001,1977,8,5,1
2002,1918,11,26,1
2003,1921,6,15,2
2004,1974,2,3,1
2005,1979,10,3,2
2006,1962,8,22,1
2007,1958,9,13,2
2008,1940,6,7,2
2009,1936,1,16,2
2010,1952,8,12,2
2011,1925,11,18,1
2012,1923,6,27,2
2013,1940,7,10,1
2015,1968,11,15,1
2016,1934,10,9,2
2017,1931,1,23,1
2018,1945,8,25,1
2019,1932,9,28,2
2020,1925,12,20,1
2021,1919,12,8,2
2022,1939,11,12,2
2023,1931,9,2,1
2024,1934,4,15,2
2025,1941,12,31,2
2026,1934,12,3,1
2027,1930,1,22,2
2028,1924,10,17,1
2029,1923,9,19,1
2030,1980,8,4,1
2031,1926,12,15,2
2032,1943,3,21,2
2033,1937,7,2,1
2034,1926,6,12,2
2035,1928,7,27,1
2037,1948,8,26,1
2038,1980,3,29,1
2039,1969,1,20,1
2040,1944,8,7,2
2041,1956,8,11,2
2042,1982,7,4,2
2043,1954,9,15,1
2044,1961,9,18,1
2045,1956,8,22,2
2046,1952,8,26,1
2047,1943,7,25,1
2048,1928,6,3,1
2049,1927,2,20,2
2050,1932,5,23,1
2051,1918,12,7,1
2052,1914,5,19,2
2053,1918,2,7,2
2054,1948,12,6,2
2055,1976,8,31,1
2056,1978,12,9,2
2057,1976,1,2,1
2058,1971,3,2,2
2059,1972,6,30,2
2060,1971,6,4,1
2061,1953,7,27,2
2062,1954,5,22,1
2063,1950,9,26,1
2064,1926,7,30,2
2065,1978,8,20,2
2066,1972,10,27,2
2067,1979,10,20,2
2068,1930,5,24,1
2069,1923,1,1,1
2070,1972,7,23,1
2071,1973,12,19,2
2072,1944,2,9,1
2073,1956,2,8,2
2074,1961,9,16,1
2075,1922,1,29,2
2076,1957,2,7,1
2077,1930,3,1,1
2078,1978,8,3,1
2079,1925,5,29,1
2080,1963,12,26,2
2081,1972,11,6,1
2082,1933,2,4,2
2083,1943,3,12,2
2084,1929,2,16,1
2085,1928,11,28,2
2086,1954,10,29,1
2087,1977,9,29,2
2088,1948,8,26,1
2089,1967,6,9,1
2090,1970,10,7,2
2091,1928,1,17,1
2092,1945,3,21,2
2093,1970,6,24,2
2094,1975,9,6,1
2095,1974,4,30,2
2096,1974,9,6,1
2097,1936,11,11,2
2098,1939,5,28,1
2099,1918,1,16,2
2100,1931,9,29,1
2101,1935,6,24,2
2102,1941,5,27,2
2103,1944,2,4,1
2104,1948,1,8,2
2105,1947,7,18,1
2106,1921,3,21,1
2107,1923,4,18,2
2108,1945,4,21,1
2109,1950,5,14,1
2110,1967,11,3,1
2111,1924,5,29,1
2112,1927,9,15,2
2113,1937,4,4,2
2114,1918,8,21,2
2115,1914,3,1,1
2116,1930,6,14,2
2117,1945,2,28,2
2118,1970,11,12,2
2119,1960,5,18,1
2121,1979,9,25,2
2122,1970,7,17,1
2123,1982,5,17,2
2124,1949,1,14,1
2125,1975,4,12,2
2126,1975,3,28,1
2128,1955,8,13,1
2129,1962,12,7,2
2130,1945,10,29,1
2131,1975,2,11,1
2132,1969,2,6,2
2133,1921,11,28,1
2134,1917,12,14,2
2135,1940,8,8,1
2136,1940,7,24,1
2137,1962,11,9,1
2138,1980,12,19,2
2139,1932,3,6,1
2140,1926,10,18,2
2141,1951,9,6,2
2142,1941,12,20,1
2143,1948,11,12,2
2144,1960,1,28,1
2145,1968,12,24,1
2146,1973,1,4,2
2147,1963,8,14,1
2148,1953,7,20,1
2149,1923,4,9,1
2150,1941,4,17,2
2151,1945,12,30,1
2152,1929,9,7,1
2153,1949,5,16,1
2154,1957,11,28,1
2155,1958,6,10,2
2156,1966,12,27,1
2157,1945,11,17,2
2158,1981,5,6,2
2159,1930,1,23,1
2160,1945,5,31,2
2161,1920,3,6,1
2162,1913,9,12,2
2163,1918,4,8,2
2164,1941,10,29,2
2165,1945,3,2,1
2166,1947,7,22,1
2167,1981,12,13,2
2168,1963,7,12,1
2169,1971,1,1,2
2170,1942,4,30,2
2171,1958,11,28,2
2172,1929,8,21,1
2173,1951,12,17,1
2174,1952,8,8,1
2175,1942,1,3,1
2176,1946,7,16,2
2177,1942,5,30,1
2178,1939,8,9,2
2179,1939,10,27,1
2180,1972,10,17,1
2181,1968,7,22,2
2182,1929,12,1,1
2183,1931,8,21,2
2184,1970,7,7,2
2185,1957,6,20,1
2186,1942,7,26,1
2187,1933,3,12,2
2188,1925,8,25,1
2189,1962,11,15,1
2190,1974,10,22,2
2191,1979,8,4,1
2192,1956,4,12,1
2193,1952,7,26,2
2194,1961,8,22,1
2195,1942,9,13,1
2196,1955,2,16,1
2197,1962,12,10,1
2198,1920,2,22,1
2199,1911,12,9,2
2200,1953,7,31,2
2201,1929,2,23,2
2202,1928,8,17,1
2203,1939,10,1,2
2204,1946,8,19,1
2205,1952,12,12,2
2206,1964,6,4,1
2207,1961,2,17,1
2208,1959,1,9,2
2209,1927,6,13,1
2210,1933,4,23,2
2211,1920,2,24,1
2212,1972,5,27,2
2213,1968,11,7,2
2214,1946,11,7,2
2215,1925,1,29,2
2216,1972,7,4,1
2217,1974,2,20,2
2218,1968,11,8,2
2219,1964,11,28,1
2220,1952,2,17,1
2221,1945,3,15,2
2222,1934,8,3,1
2223,1943,5,24,1
2224,1932,10,4,2
2225,1960,11,6,1
2226,1964,10,9,1
2227,1975,7,25,2
2228,1940,3,20,1
2229,1944,9,7,2
2230,1969,5,31,2
2231,1971,10,13,1
2232,1967,5,27,2
2233,1964,12,24,1
2235,1940,4,20,1
2236,1978,6,27,1
2237,1958,10,3,2
2238,1954,2,19,1
2239,1976,1,9,1
2240,1932,3,12,1
2241,1926,12,30,2
2242,1976,6,5,1
2243,1980,7,4,2
2246,1953,8,1,1
2247,1978,1,13,1
2248,1975,10,24,2
2249,1945,12,7,1
2250,1938,12,8,1
2251,1971,10,13,1
2252,1965,11,15,2
2253,1957,9,9,1
2254,1927,12,9,1
2255,1923,8,24,1
2256,1974,6,5,2
2257,1979,8,31,1
2258,1979,11,3,2
2259,1950,1,2,1
2260,1962,4,22,1
2261,1956,11,13,2
2263,1934,8,17,2
2264,1943,5,8,2
2265,1977,9,18,2
2266,1939,1,23,2
2267,1966,4,10,1
2268,1938,12,26,2
2269,1963,11,10,1
2270,1960,4,21,1
2271,1964,11,7,2
2274,1964,10,14,2
2275,1965,7,24,1
2276,1932,4,27,1
2277,1979,3,25,2
2278,1921,7,1,2
2279,1953,11,6,2
2280,1974,4,24,1
2281,1978,6,6,1
2282,1973,3,11,2
2283,1961,8,9,2
2286,1966,11,26,1
2287,1979,10,21,2
2288,1957,8,23,1
2289,1954,8,21,2
2290,1954,5,30,1
2291,1957,9,19,2
2292,1921,11,10,2
2293,1969,11,22,2
2294,1952,12,27,1
2295,1939,2,28,1
2296,1942,6,13,2
2297,1965,1,18,2
2298,1969,5,15,1
2299,1940,2,20,1
2300,1961,7,7,1
2301,1960,12,19,2
2302,1957,1,26,2
2303,1939,4,1,1
2304,1939,2,11,2
2305,1949,6,10,1
2306,1943,8,21,2
2307,1923,9,6,2
2308,1974,10,31,1
2309,1976,5,13,1
2310,1939,7,23,2
2311,1935,10,1,1
2312,1975,2,15,1
2313,1980,10,29,2
2314,1959,12,16,1
2315,1963,10,8,2
2316,1970,3,25,2
2317,1976,2,22,2
2318,1923,9,19,1
2319,1970,5,16,1
2320,1951,5,23,2
2321,1968,1,12,1
2322,1928,6,11,2
2323,1942,6,29,1
2324,1978,7,16,2
2325,1955,2,3,1
2326,1945,12,14,1
2327,1919,10,27,2
2328,1968,10,2,2
2329,1973,1,2,2
2330,1948,11,17,1
2331,1957,5,31,1
2332,1949,12,22,1
2333,1949,10,12,2
2335,1934,3,28,1
2336,1922,7,17,2
2337,1917,4,9,1
2338,1957,7,25,1
2339,1956,12,6,2
2340,1953,5,2,2
2341,1947,7,13,1
2342,1948,12,18,2
2343,1959,3,18,2
2344,1924,4,27,1
2345,1942,7,19,2
2346,1947,10,25,1
2347,1943,12,17,1
2348,1933,4,24,2
2349,1968,7,10,1
2350,1967,6,9,2
2351,1965,4,17,2
2352,1977,9,29,1
2353,1929,9,17,1
2354,1967,12,21,2
2355,1948,6,30,1
2356,1930,7,10,2
2357,1937,1,10,1
2358,1946,10,16,1
2359,1953,7,1,2
2361,1968,9,24,2
2362,1974,9,2,1
2363,1947,6,18,2
2364,1971,4,26,1
2365,1953,6,26,1
2366,1930,1,1,2
2367,1931,4,5,1
2368,1943,12,22,1
2369,1940,12,19,2
2370,1956,8,21,1
2371,1956,2,7,1
2372,1971,4,9,1
2373,1954,1,19,2
2374,1968,7,27,2
2375,1965,7,25,1
2376,1964,8,19,2
2377,1950,11,17,2
2378,1953,3,13,1
2379,1964,6,19,1
2380,1927,8,17,2
2381,1931,10,11,1
2382,1927,10,25,1
2383,1947,1,1,1
2384,1946,12,17,2
2385,1933,5,5,2
2386,1934,3,10,1
2387,1945,7,16,1
2388,1971,7,29,2
2389,1924,7,20,2
2390,1938,5,13,2
2391,1942,1,24,2
2392,1955,5,21,2
2393,1976,8,23,1
2394,1962,6,4,2
2395,1953,3,11,2
2396,1949,8,29,1
2397,1918,7,14,2
2398,1955,8,25,1
2399,1943,5,2,1
2400,1959,4,10,2
2401,1948,1,26,1
2402,1948,10,26,2
2403,1963,1,25,1
2404,1977,7,5,1
2405,1975,8,21,2
2406,1956,10,6,1
2407,1975,8,27,2
2408,1940,4,28,1
2409,1964,5,27,2
2410,1973,2,8,1
2411,1968,8,17,2
2412,1980,10,26,2
2413,1961,8,9,2
2414,1950,7,13,1
2415,1957,4,24,2
2416,1954,12,23,1
2417,1938,6,21,1
2418,1953,12,27,1
2419,1954,6,23,1
2420,1972,6,6,1
2421,1970,11,10,2
2422,1976,6,9,1
2423,1957,7,9,2
2424,1920,11,10,2
2425,1977,7,18,1
2426,1927,6,9,2
2427,1934,11,30,1
2428,1946,6,27,1
2429,1973,11,22,2
2430,1937,10,28,2
2431,1966,10,10,2
2432,1924,3,8,1
2433,1964,6,19,2
2434,1945,5,24,1
2435,1943,10,18,1
2436,1934,8,6,1
2437,1936,12,27,2
2438,1946,9,19,1
2439,1944,11,26,2
2440,1935,9,9,2
2441,1928,10,6,2
2442,1927,7,8,1
2443,1949,5,23,2
2444,1934,8,26,2
2445,1969,2,26,2
2447,1972,10,7,2
2448,1971,7,1,1
2449,1967,12,28,2
2450,1975,5,17,1
2451,1939,12,6,2
2452,1952,6,7,1
2453,1924,1,13,2
2454,1940,9,4,1
2455,1919,11,4,2
2456,1923,12,4,1
2457,1940,8,17,2
2458,1932,8,9,1
2459,1974,7,22,1
2460,1963,1,5,1
2461,1967,4,2,2
2462,1934,6,6,2
2463,1944,12,17,2
2464,1945,9,1,2
2465,1973,10,17,2
2467,1946,5,16,1
2468,1965,3,18,2
2469,1957,9,10,1
2470,1943,6,14,2
2471,1942,1,5,1
2472,1976,3,29,1
2473,1976,10,17,1
2474,1957,4,6,2
2475,1982,2,2,1
2476,1957,2,16,1
2477,1952,6,14,2
2478,1940,5,24,1
2479,1959,3,31,1
2480,1976,12,8,1
2481,1948,6,22,2
2482,1925,1,7,2
2483,1929,12,30,1
2484,1969,12,21,2
2485,1933,5,15,2
2486,1961,10,5,1
2487,1967,9,25,1
2488,1980,9,22,1
2489,1975,1,28,1
2490,1961,3,26,1
2491,1939,3,20,1
2492,1943,12,13,2
2493,1962,10,9,2
2494,1971,1,6,2
2495,1939,12,14,1
2496,1972,7,7,2
2497,1962,4,6,1
2498,1980,3,12,2
2499,1944,8,4,2
2500,1946,8,20,1
2501,1940,12,4,1
2502,1935,3,13,1
2503,1977,9,23,1
2504,1950,1,9,2
2505,1960,4,30,1
2506,1976,9,27,2
2507,1952,8,26,1
2508,1965,8,7,1
2509,1971,2,6,2
2510,1959,6,10,1
2511,1975,3,27,1
2512,1974,7,27,2
2513,1941,5,8,2
2514,1957,2,11,2
2515,1958,6,3,2
2516,1942,1,5,1
2517,1924,9,9,2
2518,1921,5,7,1
2519,1970,8,6,1
2520,1944,7,30,2
2521,1947,3,30,1
2522,1937,9,8,2
2523,1937,12,2,1
2524,1959,7,31,2
2525,1952,7,10,1
2526,1964,7,26,2
2527,1947,7,31,1
2528,1977,2,16,2
2529,1939,6,22,2
2530,1950,2,11,2
2531,1954,1,24,1
2532,1937,5,9,2
2533,1929,7,17,1
2534,1943,1,10,2
2535,1945,1,10,2
2536,1961,10,22,2
2537,1957,10,10,2
2538,1980,2,23,2
2539,1972,1,21,1
2540,1981,6,26,2
2542,1944,12,19,2
2543,1952,8,27,1
2545,1953,9,28,1
2546,1961,12,3,1
2547,1953,10,29,1
2548,1953,10,6,2
2549,1923,5,5,1
2550,1976,10,12,1
2551,1939,8,11,1
2552,1964,1,24,1
2553,1976,11,24,2
2554,1941,9,20,2
2555,1963,9,23,2
2556,1951,2,10,1
2557,1957,2,18,2
2558,1959,1,18,2
2559,1965,3,31,1
2560,1974,6,20,1
2561,1945,7,26,2
2562,1952,11,1,2
2563,1971,9,8,2
2565,1946,5,22,2
2566,1963,3,25,1
2567,1943,5,30,2
2568,1938,6,11,1
2569,1948,4,1,2
2570,1947,6,19,1
2571,1979,4,25,1
2572,1953,10,8,2
2573,1965,3,10,1
2574,1932,4,22,1
2576,1979,5,16,1
2577,1918,1,7,2
2578,1954,7,8,2
2579,1935,1,2,1
2580,1935,3,7,2
2581,1953,11,19,1
2582,1938,12,15,2
2583,1937,6,17,2
2584,1944,12,15,1
2585,1971,8,28,1
2586,1966,5,14,2
2587,1973,1,3,1
2588,1958,5,19,2
2589,1963,2,17,2
2590,1964,10,19,1
2591,1960,2,27,2
2592,1980,8,31,1
2593,1977,6,10,2
2594,1963,7,31,2
2596,1961,10,8,2
2597,1969,8,6,1
2598,1965,10,25,2
2599,1946,1,9,2
2600,1923,4,17,1
2601,1961,7,25,2
2602,1966,8,20,1
2603,1972,11,3,1
2604,1926,7,11,2
2605,1925,4,17,1
2606,1943,1,4,2
2607,1943,3,27,2
2608,1943,9,15,1
2609,1977,5,9,2
2610,1980,5,3,1
2611,1938,11,9,2
2612,1975,2,3,2
2613,1977,10,26,2
2614,1946,3,14,2
2615,1945,8,26,1
2616,1970,7,7,2
2617,1962,6,26,1
2618,1942,8,14,2
2619,1969,7,9,1
2620,1968,7,18,2
2621,1956,5,9,2
2622,1973,6,7,2
2623,1965,7,16,1
2625,1972,10,7,2
2626,1940,2,14,2
2628,1931,11,5,1
2629,1931,12,3,2
2630,1937,8,20,1
2631,1970,5,21,2
2632,1963,2,25,1
2633,1967,7,12,1
2635,1966,12,10,1
2636,1918,10,24,2
2637,1935,6,6,2
2638,1942,1,7,2
2639,1950,3,4,1
2640,1951,1,29,2
2642,1973,9,4,2
2643,1946,1,7,1
2644,1964,3,23,1
2645,1920,4,22,2
2646,1937,6,7,1
2647,1940,3,26,2
2648,1934,10,10,1
2650,1975,3,5,2
2651,1969,11,27,1
2652,1949,5,9,1
2653,1950,1,25,2
2654,1939,10,8,1
2655,1963,8,12,2
2656,1955,9,15,2
2657,1948,7,9,2
2658,1933,1,21,2
2659,1941,5,24,2
2661,1961,10,17,1
2662,1978,8,29,2
2663,1976,10,1,2
2666,1935,7,6,1
2667,1972,1,1,2
2668,1975,2,9,1
2669,1927,5,8,2
2670,1936,9,13,2
2671,1972,4,22,1
2672,1940,3,26,1
2673,1959,7,16,2
2674,1952,10,3,1
2675,1924,1,22,2
2676,1961,6,1,2
2677,1922,5,24,2
2678,1918,5,15,1
2679,1938,9,30,2
2680,1945,9,2,1
2681,1971,1,4,1
2682,1975,1,14,2
2683,1929,6,13,1
2684,1953,2,11,1
2685,1969,6,21,1
2686,1951,3,24,1
2687,1949,8,22,2
2688,1967,10,24,1
2689,1923,1,17,2
2690,1971,12,25,1
2691,1964,5,17,2
2692,1925,5,30,2
2693,1976,8,4,1
2694,1927,10,6,1
2695,1929,5,16,2
2696,1947,9,4,2
2697,1948,8,14,1
2698,1970,10,7,1
2699,1977,2,23,2
2700,1945,2,22,2
2701,1952,3,29,2
2702,1919,2,26,2
2703,1973,3,12,1
2704,1949,5,22,1
2705,1924,4,30,2
2706,1967,7,2,2
2707,1969,5,23,2
2708,1958,8,12,2
2709,1946,6,14,2
2712,1956,1,17,2
2713,1962,9,2,2
2714,1970,3,6,1
2715,1957,7,4,2
2716,1969,7,13,1
2717,1930,4,28,2
2718,1932,12,22,1
2719,1964,10,30,1
2720,1949,9,5,1
2721,1950,6,26,1
2724,1975,3,1,2
2726,1973,7,28,1
2727,1968,2,5,2
2728,1922,8,13,2
2729,1966,8,28,2
2730,1947,3,18,2
2731,1927,12,8,2
2732,1953,9,16,1
2733,1927,11,11,1
2734,1934,11,12,2
2735,1928,7,31,2
2736,1958,2,15,1
2738,1951,4,25,2
2739,1950,1,26,2
2740,1967,11,23,1
2741,1930,11,29,1
2742,1948,8,27,1
2743,1939,10,4,1
2744,1943,2,22,2
2745,1939,8,7,1
2746,1971,2,25,2
2747,1936,10,14,2
2748,1936,10,6,1
2749,1921,3,4,1
2750,1913,7,13,2
2751,1957,1,24,1
2752,1971,8,9,2
2754,1978,5,24,1
2755,1970,3,23,1
2756,1919,9,28,1
2758,1946,7,14,2
2759,1974,1,26,2
2760,1975,12,12,1
2761,1977,9,29,1
2762,1953,4,23,1
2765,1981,4,20,1
2766,1959,9,15,2
2767,1954,6,4,1
2768,1964,4,2,2
2769,1937,5,15,2
2770,1954,7,8,2
2771,1920,10,25,2
2772,1923,1,8,1
2773,1919,9,13,1
2774,1921,2,23,2
2775,1978,7,9,1
2776,1934,6,7,1
2777,1970,3,28,1
2778,1964,5,16,2
2779,1948,5,4,2
2780,1947,1,16,1
2781,1960,11,22,1
2782,1940,9,13,2
2783,1940,6,20,2
2784,1958,7,25,1
2785,1962,7,29,2
2786,1951,11,2,2
2787,1976,10,14,1
2788,1951,10,21,1
2789,1951,12,25,1
2790,1975,2,10,2
2791,1921,10,10,2
2794,1965,1,22,2
2795,1968,4,13,1
2796,1974,6,25,2
2797,1950,11,5,2
2798,1931,6,27,2
2799,1961,12,2,1
2800,1949,8,26,2
2801,1919,2,18,2
2802,1966,11,29,1
2803,1931,10,12,2
2804,1936,11,10,1
2805,1964,7,13,2
2806,1955,7,1,1
2808,1974,3,31,1
2809,1979,2,14,2
2810,1971,7,28,2
2811,1946,12,7,1
2812,1970,5,2,1
2813,1941,4,10,2
2814,1973,2,10,1
2815,1930,6,30,2
2816,1938,3,15,1
2817,1977,2,19,1
2818,1963,4,12,2
2819,1980,8,12,2
2820,1966,12,17,2
2821,1980,11,1,1
2822,1958,10,19,2
2823,1946,12,18,1
2824,1941,9,5,2
2825,1958,3,29,2
2826,1935,1,28,2
2827,1923,2,13,2
2828,1949,7,10,1
2829,1939,12,27,1
2830,1974,11,14,2
2831,1980,7,9,1
2832,1927,7,23,2
2833,1923,7,9,1
2834,1949,5,23,2
2835,1966,1,27,2
2836,1919,9,21,1
2837,1927,5,21,2
2838,1965,3,9,2
2839,1928,7,5,1
2840,1934,5,14,2
2841,1973,4,10,1
2842,1958,6,17,2
2843,1966,10,6,1
2844,1962,11,19,2
2845,1952,9,2,2
2846,1969,3,17,1
2847,1942,7,25,1
2848,1939,2,20,2
2849,1928,4,2,2
2850,1970,8,20,2
2851,1939,8,10,2
2852,1942,6,28,1
2853,1956,4,25,1
2854,1949,6,1,2
2855,1957,7,26,1
2856,1923,11,11,2
2857,1927,2,3,2
2858,1926,2,12,1
2859,1928,9,24,1
2860,1958,3,31,2
2862,1964,10,7,1
2863,1968,3,5,2
2864,1952,4,9,1
2865,1948,11,18,2
2866,1949,10,30,1
2867,1960,1,23,1
2868,1933,12,14,2
2869,1975,8,5,2
2870,1959,11,28,2
2871,1967,11,23,1
2872,1933,10,27,1
2873,1975,3,24,1
2874,1972,9,10,2
2875,1936,8,17,2
2876,1977,1,7,2
2877,1932,4,29,2
2878,1947,4,17,2
2879,1977,1,10,2
2880,1952,12,30,2
2881,1967,3,21,1
2882,1931,12,14,2
2883,1953,2,26,2
2884,1958,10,10,1
2885,1965,10,4,1
2886,1958,10,3,2
2887,1961,1,29,1
2888,1978,9,9,1
2889,1943,12,5,2
2890,1951,10,11,2
2891,1957,7,23,1
2892,1941,3,21,1
2893,1927,11,2,1
2894,1948,7,25,1
2895,1977,5,17,1
2896,1975,5,16,1
2897,1925,7,18,2
2898,1920,10,17,1
2899,1918,5,18,2
2900,1923,3,22,2
2901,1939,1,9,1
2902,1959,7,3,1
2903,1959,11,26,2
2904,1946,5,18,1
2905,1951,7,7,2
2906,1934,12,16,2
2907,1932,9,22,1
2908,1971,2,28,2
2909,1936,10,9,2
2910,1936,9,28,2
2911,1932,9,25,2
2912,1925,7,28,1
2913,1962,12,27,2
2915,1954,2,22,1
2916,1972,9,30,2
2917,1940,1,18,2
2918,1967,5,21,2
2919,1970,9,8,1
2920,1962,6,23,1
2921,1976,12,20,1
2922,1940,9,7,2
2923,1977,3,21,1
2924,1941,2,6,1
2925,1947,9,8,2
2926,1934,2,11,2
2927,1929,12,28,1
2928,1932,3,2,2
2929,1958,3,10,2
2930,1941,3,22,2
2932,1940,7,11,1
2933,1942,12,12,2
2934,1948,4,27,1
2935,1944,5,2,1
2936,1945,3,11,1
2937,1949,7,1,2
2938,1921,6,1,1
2939,1918,2,13,2
2940,1965,10,16,2
2941,1951,3,12,2
2942,1966,6,3,1
2943,1980,6,28,1
2944,1943,8,23,1
2945,1921,6,2,2
2946,1926,1,23,1
2947,1957,5,18,1
2948,1978,11,20,2
2949,1943,9,25,2
2950,1944,6,6,2
2951,1950,8,31,1
2952,1978,1,17,1
2953,1936,7,7,2
2954,1959,8,12,1
2955,1952,7,16,2
2956,1939,8,6,2
2957,1978,3,7,2
2958,1975,5,7,2
2959,1957,11,19,2
2960,1928,12,19,2
2961,1933,12,28,1
2962,1938,11,10,2
2963,1939,3,29,1
2964,1978,11,27,2
2965,1918,2,7,1
2966,1955,2,20,2
2967,1961,1,15,1
2968,1962,8,24,2
2969,1923,4,22,2
2970,1922,4,6,1
2971,1977,12,3,1
2972,1976,1,14,2
2974,1951,7,12,1
2975,1943,3,18,1
2976,1922,8,3,1
2977,1963,2,6,2
2978,1948,3,5,1
2979,1961,12,22,1
2980,1974,6,14,2
2981,1949,2,5,1
2982,1973,3,23,1
2983,1967,7,23,2
2984,1963,5,24,1
2985,1960,4,13,2
2986,1952,5,15,2
2987,1946,6,1,1
2988,1961,5,21,2
2989,1949,2,1,1
2990,1938,4,2,1
2991,1941,7,31,2
2992,1966,5,7,2
2994,1963,7,22,2
2995,1941,6,15,1
2996,1965,1,29,2
2997,1941,3,9,1
2998,1961,4,2,2
2999,1979,3,24,1
3000,1928,4,2,1
3001,1958,10,7,2
3002,1955,5,13,1
3003,1973,5,12,1
3004,1971,7,13,2
3005,1931,6,29,2
3006,1973,8,8,1
3007,1964,4,11,2
3008,1919,12,19,2
3009,1957,8,3,1
3010,1960,1,12,2
3011,1955,9,19,2
3012,1955,11,10,1
3013,1950,3,18,1
3014,1953,11,5,2
3015,1952,2,29,2
3016,1977,8,23,2
3017,1941,5,14,2
3018,1978,1,28,2
3019,1969,9,23,2
3020,1942,8,27,1
3021,1961,8,24,2
3022,1954,9,22,1
3023,1959,4,4,2
3024,1929,3,8,2
3025,1932,12,27,1
3026,1947,3,25,2
3027,1959,7,25,2
3028,1932,4,23,1
3029,1970,5,8,2
3030,1976,5,10,1
3031,1965,9,5,1
3032,1959,4,10,2
3035,1964,11,2,2
3036,1941,3,31,1
3037,1942,1,4,2
3038,1946,3,5,1
3039,1969,6,1,1
3041,1927,4,24,1
3042,1968,2,14,1
3043,1951,11,15,1
3044,1945,10,7,2
3045,1950,3,18,1
3046,1925,1,22,1
3047,1975,10,1,2
3048,1923,1,6,1
3049,1967,4,6,2
3050,1967,7,31,1
3051,1928,3,11,2
3054,1958,4,28,2
3055,1931,2,23,2
3056,1959,1,16,1
3057,1962,3,5,2
3058,1943,9,29,1
3059,1977,11,29,2
3060,1960,5,18,2
3061,1965,10,5,1
3062,1930,8,22,1
3063,1971,1,29,2
3064,1930,5,5,2
3065,1921,8,21,1
3066,1982,3,9,1
3067,1952,6,21,1
3068,1954,3,20,2
3069,1943,10,23,2
3070,1920,12,12,2
3071,1967,2,23,1
3072,1936,4,14,2
3073,1937,10,23,1
3074,1958,11,7,2
3075,1941,5,5,2
3076,1962,11,17,1
3077,1934,2,24,1
3078,1932,1,31,2
3079,1943,5,19,2
3080,1951,7,27,1
3081,1945,3,2,2
3082,1979,10,17,1
3083,1971,4,7,2
3084,1951,8,24,1
3085,1946,6,29,1
3086,1948,9,14,2
3087,1959,9,21,1
3088,1950,6,11,2
3089,1974,7,26,2
3090,1968,11,17,2
3091,1966,3,3,1
3092,1967,11,6,1
3093,1966,2,21,2
3094,1950,8,18,2
3095,1953,6,29,2
3096,1982,2,27,2
3097,1948,8,22,2
3098,1938,6,23,2
3099,1965,11,13,2
3100,1931,3,30,2
3101,1941,12,13,2
3102,1979,2,16,1
3103,1973,3,7,1
3104,1982,1,4,1
3105,1947,8,17,2
3106,1928,3,3,1
3107,1960,11,16,2
3108,1962,2,26,1
3109,1932,4,21,1
3110,1931,2,27,2
3111,1924,2,7,1
3112,1939,9,12,2
3113,1971,11,12,1
3114,1971,2,24,2
3115,1961,11,30,2
3116,1951,9,9,2
3117,1941,6,22,1
3118,1940,7,9,2
3119,1936,1,26,1
3120,1964,6,2,2
3121,1956,10,18,1
3122,1959,4,2,2
3123,1979,7,25,2
3124,1958,1,2,1
3125,1922,10,30,1
3126,1938,1,13,2
3127,1920,6,18,1
3128,1944,2,9,1
3129,1946,8,1,1
3130,1955,5,31,1
3131,1935,6,14,1
3132,1975,3,24,1
3133,1973,4,20,1
3134,1938,5,4,2
3135,1969,1,6,2
3136,1963,12,18,2
3137,1947,2,26,2
3138,1943,8,12,1
3139,1956,9,23,1
3140,1959,4,13,2
3141,1925,11,9,1
3142,1919,3,18,2
3143,1944,2,2,1
3144,1919,8,4,2
3145,1921,11,4,1
3146,1948,7,15,2
3147,1964,4,26,1
3148,1942,4,4,2
3149,1935,1,9,1
3150,1932,7,24,1
3151,1951,7,27,1
3152,1936,10,4,2
3153,1924,6,17,2
3154,1926,2,21,1
3155,1973,4,8,1
3156,1954,11,2,1
3157,1942,2,26,1
3158,1940,11,25,1
3159,1930,10,27,2
3160,1951,6,29,2
3161,1980,11,18,2
3162,1960,5,17,2
3163,1964,5,26,1
3164,1962,9,10,2
3165,1976,9,1,1
3166,1955,6,14,2
3167,1943,9,8,1
3170,1921,2,21,2
3171,1924,4,26,1
3172,1951,12,23,2
3173,1946,4,18,1
3174,1952,11,16,2
3175,1950,7,19,1
3176,1937,7,7,2
3177,1938,8,12,2
3178,1969,8,1,1
3179,1948,3,12,1
3180,1944,9,30,2
3181,1943,2,15,2
3182,1925,4,22,1
3183,1980,2,24,2
3184,1959,12,1,1
3185,1972,11,26,1
3186,1955,1,14,1
3187,1952,9,2,2
3188,1976,5,19,1
3190,1920,11,1,1
3191,1975,11,5,1
3192,1939,7,14,2
3193,1950,2,22,1
3194,1975,8,17,1
3195,1971,6,13,1
3196,1978,8,14,1
3197,1958,7,10,2
3198,1953,3,5,1
3199,1957,12,18,1
3200,1954,11,15,2
3201,1953,8,6,1
3202,1922,7,19,2
3203,1959,4,23,1
3204,1956,3,26,2
3205,1921,6,25,1
3206,1921,5,21,2
3207,1925,12,3,1
3208,1947,2,6,2
3209,1939,1,3,1
3210,1963,8,30,2
3211,1967,8,7,1
3213,1941,10,4,2
3214,1922,5,12,2
3215,1936,5,6,1
3216,1959,11,28,2
3217,1977,5,2,2
3218,1965,12,16,2
3219,1959,10,18,1
3220,1957,2,17,2
3221,1953,7,16,1
3222,1977,5,6,2
3225,1957,3,17,2
3226,1951,11,22,2
3227,1950,10,28,1
3228,1957,2,22,2
3229,1979,4,18,2
3230,1982,6,6,1
3231,1961,6,3,2
3232,1976,11,5,2
3233,1980,11,30,2
3234,1919,8,4,1
3235,1950,6,12,1
3236,1960,4,15,1
3239,1981,11,16,1
3240,1937,12,10,1
3241,1934,9,14,2
3242,1937,3,4,1
3243,1920,9,30,1
3244,1933,9,29,2
3245,1952,12,2,2
3246,1931,4,20,2
3247,1958,4,21,1
3248,1929,8,2,1
3249,1959,1,20,2
3250,1962,1,20,1
3251,1962,12,28,1
3252,1961,3,26,2
3253,1946,7,2,2
3254,1930,2,13,2
3255,1970,1,4,1
3256,1976,7,18,2
3257,1978,5,11,1
3258,1960,7,30,1
3259,1950,10,15,2
3260,1942,9,8,1
3261,1950,4,10,2
3262,1941,8,14,1
3264,1950,10,20,1
3265,1963,6,11,1
3266,1960,10,8,2
3267,1951,8,26,2
3268,1956,3,31,1
3269,1974,11,5,2
3270,1940,1,22,2
3271,1942,1,3,1
3272,1920,7,18,1
3273,1918,1,2,2
3274,1929,1,22,2
3275,1924,9,19,1
3276,1980,3,21,2
3277,1966,3,26,2
3278,1962,4,20,1
3279,1954,8,4,1
3280,1958,5,31,2
3281,1950,12,27,2
3282,1981,9,2,2
3283,1933,11,23,2
3284,1936,7,2,2
3285,1943,9,17,1
3286,1972,3,15,1
3287,1978,4,1,2
3288,1926,1,28,2
3289,1977,6,9,1
3290,1969,7,12,1
3291,1947,1,23,2
3292,1940,1,21,2
3293,1953,1,20,1
3294,1957,3,8,2
3295,1966,3,13,1
3296,1969,6,11,2
3297,1968,4,17,2
3298,1942,8,5,1
3299,1961,9,17,1
3300,1950,6,29,2
3302,1964,2,17,1
3303,1965,1,9,2
3304,1939,8,31,2
3305,1971,10,11,1
3306,1948,4,26,2
3307,1979,7,1,1
3308,1948,2,16,2
3309,1942,4,29,1
3310,1954,2,13,2
3311,1954,8,25,2
3312,1971,11,5,1
3313,1946,2,10,1
3314,1931,12,18,1
3315,1934,6,21,2
3316,1947,12,15,1
3317,1950,4,24,2
3319,1979,4,24,1
3320,1972,2,14,2
3321,1969,5,30,1
3322,1948,2,29,2
3323,1981,2,22,1
3324,1971,4,13,1
3325,1963,9,28,2
3326,1952,12,26,1
3327,1937,7,4,1
3328,1966,10,11,2
3329,1961,3,20,2
3330,1955,4,15,1
3331,1970,2,5,1
3332,1969,11,15,1
3333,1949,7,24,1
3334,1967,7,1,2
3335,1967,2,10,2
3336,1951,5,30,1
3337,1952,4,13,2
3338,1942,11,29,1
3339,1976,1,29,1
3340,1976,2,16,2
3341,1968,12,20,1
3342,1973,9,29,2
3344,1961,9,16,2
3345,1941,1,27,1
3346,1941,2,25,2
3347,1936,1,19,2
3348,1978,2,14,1
3349,1963,12,21,2
3350,1950,3,19,2
3351,1942,9,15,1
3352,1919,9,12,2
3353,1919,4,21,1
3354,1943,10,28,1
3355,1953,1,15,2
3356,1974,4,23,2
3357,1954,7,21,1
3358,1975,10,7,2
3359,1945,2,24,2
3360,1976,8,31,1
3361,1930,10,2,1
3365,1966,7,30,1
3366,1959,2,12,1
3367,1952,4,23,2
3368,1952,10,24,1
3369,1952,4,16,2
3370,1919,3,28,2
3371,1919,10,7,1
3372,1970,10,30,2
3373,1952,11,29,2
3374,1960,8,13,1
3375,1954,11,6,2
3376,1945,1,19,1
3377,1938,5,5,2
3378,1957,4,21,2
3379,1949,7,1,1
3380,1978,4,3,1
3381,1965,9,1,1
3382,1954,2,28,2
3383,1956,4,23,1
3384,1942,8,3,1
3385,1924,2,13,1
3386,1940,3,8,1
3387,1943,8,14,2
3388,1965,10,26,1
3389,1967,1,16,1
3390,1972,11,17,1
3391,1971,4,7,2
3392,1975,10,31,1
3393,1954,8,24,1
3394,1980,7,4,1
3395,1962,12,28,2
3396,1977,3,3,1
3397,1974,6,8,1
3398,1969,9,13,2
3399,1932,2,25,2
3402,1952,5,2,1
3403,1957,10,18,2
3404,1940,10,11,1
3405,1949,12,15,2
3406,1947,7,13,1
3407,1973,4,13,1
3408,1973,12,20,2
3409,1919,4,3,2
3410,1965,2,16,2
3412,1975,7,18,2
3413,1969,11,25,1
3414,1947,10,17,1
3415,1973,9,30,1
3416,1978,6,1,2
3417,1985,3,18,1
3418,1963,8,7,1
3420,1979,6,24,2
3421,1947,3,5,2
3422,1951,5,2,1
3423,1971,9,5,1
3424,1918,11,14,2
3425,1970,5,7,2
3426,1978,2,7,2
3427,1980,6,16,2
3428,1987,9,27,1
3429,1941,10,16,2
3430,1951,9,25,2
3431,1979,4,5,1
3432,1973,11,8,2
3433,1962,9,7,2
3434,1956,9,20,1
3435,1945,5,27,1
3436,1958,2,18,2
3437,1959,8,8,1
3438,1942,1,12,2
3439,1967,1,27,2
3440,1938,2,13,1
3441,1958,2,9,2
3443,1934,12,6,1
3444,1977,4,6,2
3445,1979,3,26,1
3446,1957,10,1,2
3447,1949,4,21,1
3448,1954,12,24,2
3449,1928,3,21,2
3450,1976,9,12,2
3451,1974,7,17,2
3452,1975,8,28,1
3453,1950,8,2,2
3454,1949,10,17,1
3455,1957,2,28,2
3456,1945,1,21,1
3457,1923,6,14,1
3458,1953,6,30,2
3459,1964,8,30,1
3460,1965,10,11,2
3461,1958,2,22,2
3462,1965,3,18,1
3463,1979,3,2,1
3464,1953,1,14,2
3465,1942,4,17,2
3466,1936,5,31,1
3467,1939,12,6,2
3468,1933,12,31,1
3469,1975,2,23,1
3470,1937,4,23,1
3471,1952,9,29,1
3472,1946,5,11,1
3473,1948,5,21,2
3474,1954,12,8,1
3475,1957,3,13,2
3476,1968,1,5,1
3477,1965,8,28,2
3478,1926,5,30,2
3479,1933,9,19,1
3480,1951,4,10,1
3481,1957,11,10,2
3482,1941,2,9,1
3483,1940,12,2,2
3484,1972,4,30,2
3485,1922,5,27,2
3486,1962,3,9,2
3487,1959,9,6,2
3488,1955,10,9,2
3489,1966,8,13,2
3490,1920,10,16,2
3491,1922,11,18,1
3492,1970,12,27,1
3493,1965,5,4,1
3494,1969,7,2,2
3495,1941,5,10,1
3496,1949,7,11,2
3497,1970,9,11,1
3498,1938,4,1,2
3499,1969,3,16,2
3500,1960,6,7,2
3501,1964,3,21,2
3502,1952,8,3,2
3503,1953,1,14,1
3504,1952,1,25,2
3505,1977,12,6,2
3506,1961,8,20,1
3507,1946,12,2,1
3508,1970,11,9,2
3509,1965,2,13,1
3510,1939,10,26,2
3511,1963,9,11,2
3512,1946,5,25,2
3513,1922,7,20,2
3514,1918,2,5,1
3515,1975,1,2,1
3516,1971,9,7,1
3517,1953,6,24,1
3518,1955,9,2,1
3519,1949,12,15,2
3520,1928,5,17,1
3521,1964,7,20,2
3522,1963,2,2,2
3523,1964,4,29,2
3524,1945,11,20,1
3525,1974,5,21,2
3526,1977,7,6,1
3527,1978,8,11,2
3528,1970,10,6,1
3529,1973,3,15,2
3530,1971,9,18,1
3531,1920,6,14,2
3532,1935,2,24,2
3533,1963,12,1,1
3534,1971,3,21,1
3535,1973,5,12,2
3536,1922,8,20,2
3537,1946,4,16,2
3538,1944,5,2,1
3539,1920,8,31,2
3540,1936,8,4,2
3541,1934,5,1,1
3542,1939,9,2,2
3543,1941,8,19,1
3544,1961,8,15,1
3545,1966,11,1,2
3546,1971,2,28,2
3547,1924,3,15,1
3548,1975,5,3,2
3549,1937,9,8,1
3550,1969,9,14,1
3552,1940,11,16,2
3554,1965,12,21,1
3555,1968,2,6,2
3556,1927,11,27,2
3557,1928,11,24,1
3558,1928,7,1,1
3559,1939,10,23,1
3560,1944,2,2,2
3562,1931,4,5,2
3563,1926,11,22,1
3564,1948,3,23,2
3565,1962,7,29,2
3566,1932,2,19,1
3567,1948,3,9,2
3568,1941,1,25,2
3569,1933,4,9,2
3570,1945,4,27,1
3571,1970,6,17,2
3572,1928,12,18,1
3573,1972,2,9,1
3574,1946,2,17,1
3575,1937,10,12,1
3576,1939,3,15,1
3577,1942,12,15,1
3578,1927,10,20,2
3579,1930,8,7,1
3580,1929,4,27,1
3581,1967,12,23,2
3582,1955,2,17,2
3583,1942,9,9,1
3584,1941,3,25,2
3585,1968,10,2,1
3586,1943,4,11,2
3587,1939,12,1,1
3588,1953,11,4,1
3589,1961,7,13,1
3590,1976,9,23,1
3591,1930,9,28,2
3592,1925,3,30,1
3594,1961,5,7,1
3595,1965,1,1,2
3596,1975,3,22,2
3597,1933,8,17,1
3598,1923,9,11,2
3599,1931,3,2,1
3600,1943,7,26,1
3601,1938,8,3,2
3602,1940,12,10,1
3603,1954,6,13,2
3605,1934,7,24,2
3606,1958,6,6,2
3607,1946,7,29,1
3608,1947,12,9,2
3609,1955,10,26,1
3610,1919,5,8,2
3611,1972,5,27,1
3612,1962,9,4,1
3613,1969,2,12,2
3614,1971,10,9,1
3615,1974,7,4,2
3616,1964,4,14,1
3617,1954,11,30,1
3618,1953,2,21,2
3619,1955,8,9,2
3620,1937,9,14,2
3621,1939,7,21,2
3622,1938,4,17,1
3623,1965,4,20,1
3624,1982,2,27,1
3627,1981,6,8,1
3628,1927,2,26,1
3629,1947,12,13,2
3630,1923,11,28,1
3631,1921,11,19,2
3632,1943,9,29,1
3633,1933,10,14,2
3634,1923,6,25,2
3635,1921,1,31,1
3636,1978,5,19,2
3637,1959,1,10,2
3638,1943,12,11,1
3639,1928,4,17,2
3640,1978,7,24,2
3641,1979,2,1,1
3642,1961,8,27,2
3643,1980,11,11,2
3644,1951,6,14,2
3645,1975,2,26,2
3646,1943,6,16,1
3647,1948,8,23,2
3648,1980,1,3,2
3649,1959,10,25,1
3650,1918,2,17,2
3651,1918,10,1,2
3652,1920,2,20,2
3653,1917,1,3,1
3654,1924,3,1,1
3655,1968,2,6,2
3656,1925,8,26,1
3657,1921,5,18,2
3658,1924,4,5,2
3659,1930,11,10,1
3660,1974,7,9,2
3661,1932,11,25,2
3662,1931,9,22,2
3663,1947,6,25,1
3664,1951,3,19,2
3667,1971,9,18,2
3668,1972,12,23,1
3669,1962,8,22,2
3670,1980,9,17,1
3671,1943,7,16,2
3672,1948,12,6,1
3673,1951,12,7,1
3674,1980,11,10,1
3675,1952,3,18,2
3676,1965,10,14,1
3677,1960,9,16,2
3678,1934,8,12,1
3679,1931,4,23,2
3680,1923,4,7,1
3681,1921,4,26,2
3682,1924,1,12,1
3683,1977,2,22,1
3684,1961,12,31,1
3685,1974,3,6,2
3686,1962,10,11,1
3687,1972,2,6,2
3688,1975,5,2,1
3689,1979,7,12,1
3690,1960,8,2,2
3691,1965,4,17,2
3693,1922,3,31,2
3694,1920,4,29,1
3695,1934,10,4,2
3696,1939,4,11,1
3697,1954,1,16,1
3698,1971,4,25,2
3699,1968,8,8,2
3700,1976,5,24,1
3701,1954,5,6,1
3702,1952,11,27,2
3703,1931,6,15,2
3704,1962,4,11,2
3705,1965,6,4,1
3707,1941,6,24,2
3708,1958,3,16,1
3709,1955,5,3,2
3710,1928,1,25,2
3711,1968,5,7,2
3712,1969,5,30,1
3713,1944,2,23,1
3714,1953,10,1,1
3716,1953,4,15,2
3717,1925,1,30,2
3718,1929,6,29,1
3719,1930,8,30,2
3720,1936,12,7,1
3721,1954,12,16,1
3722,1956,4,29,1
3723,1968,9,1,2
3724,1925,9,23,1
3727,1970,1,13,2
3728,1936,1,6,2
3729,1941,8,22,1
3730,1945,8,7,1
3732,1946,8,27,2
3733,1946,5,9,1
3734,1943,12,2,2
3735,1938,1,17,2
3736,1932,7,22,1
3737,1948,4,30,2
3738,1978,3,31,1
3739,1956,8,21,1
3740,1929,11,3,2
3741,1936,5,4,2
3742,1961,11,27,1
3743,1958,11,6,2
3745,1971,1,19,1
3746,1975,1,25,2
3747,1964,12,2,2
3748,1930,3,5,1
3749,1943,3,21,1
3750,1938,10,3,2
3751,1966,10,12,2
3752,1961,2,6,1
3753,1959,4,14,1
3754,1947,7,13,1
3755,1951,7,9,1
3756,1971,10,3,1
3757,1922,4,16,2
3758,1963,9,14,1
3759,1961,10,12,2
3760,1955,1,4,2
3761,1975,8,5,2
3762,1959,2,18,1
3763,1977,8,12,1
3764,1978,1,29,2
3765,1956,1,24,1
3766,1980,3,10,1
3767,1936,9,7,2
3768,1944,3,4,1
3769,1957,9,10,2
3770,1925,1,3,1
3771,1942,3,27,2
3772,1936,8,23,1
3773,1964,7,29,1
3774,1922,10,29,2
3775,1928,11,27,2
3776,1978,7,9,2
3777,1975,9,4,1
3779,1949,5,15,2
3780,1977,11,22,2
3781,1975,3,12,1
3782,1980,9,10,2
3783,1968,7,8,1
3784,1974,11,8,2
3785,1920,7,18,1
3786,1920,7,10,2
3787,1978,5,7,1
3788,1955,7,5,1
3789,1964,10,17,2
3790,1936,8,28,2
3791,1939,3,18,2
3792,1972,9,21,2
3793,1951,6,20,1
3794,1976,5,6,1
3795,1982,5,3,2
3796,1953,6,29,2
3797,1951,7,14,1
3798,1954,11,17,1
3799,1929,3,24,2
3800,1954,6,15,1
3801,1948,8,15,2
3802,1925,7,28,2
3803,1930,7,15,2
3804,1933,4,11,1
3805,1942,12,20,2
3806,1967,6,27,1
3807,1947,11,7,1
3808,1943,1,24,2
3811,1952,6,20,2
3812,1967,2,8,2
3813,1978,8,25,1
3814,1945,9,13,2
3815,1969,4,12,1
3816,1966,1,26,2
3817,1937,10,21,1
3818,1942,7,28,2
3819,1936,5,24,1
3821,1939,5,16,2
3822,1953,11,26,2
3823,1956,12,8,2
3824,1971,1,7,2
3825,1965,4,20,1
3826,1921,3,8,2
3827,1923,5,5,1
3829,1972,3,13,2
3830,1968,2,24,1
3831,1918,2,11,2
3832,1925,9,4,1
3833,1935,3,1,2
3834,1976,9,12,1
3835,1931,5,12,1
3836,1948,11,21,2
3837,1921,8,22,1
3838,1929,10,27,2
3839,1937,7,5,1
3840,1933,6,12,1
3841,1919,7,8,2
3842,1976,6,26,2
3843,1942,4,21,1
3844,1963,12,26,1
3845,1959,5,9,2
3846,1980,7,11,1
3847,1959,9,14,1
3848,1938,8,14,1
3849,1932,12,11,1
3850,1957,1,26,1
3851,1961,11,20,2
3852,1952,9,12,1
3853,1980,7,4,1
3854,1959,8,30,2
3855,1939,3,20,2
3856,1944,6,9,1
3857,1952,12,3,1
3858,1948,6,14,1
3859,1941,5,3,2
3860,1938,4,10,2
3861,1951,1,27,1
3862,1947,7,13,1
3863,1939,10,27,1
3864,1931,11,17,2
3865,1977,11,6,2
3866,1977,7,3,1
3868,1962,11,14,2
3869,1946,2,24,1
3870,1971,8,8,1
3871,1979,3,25,2
3872,1930,4,19,2
3873,1960,12,16,1
3874,1942,8,10,1
3875,1930,7,27,1
3876,1923,5,22,2
3877,1956,9,13,1
3880,1961,8,24,1
3881,1947,5,7,1
3882,1942,5,10,2
3883,1965,9,27,2
3884,1963,11,18,2
3885,1940,1,17,1
3886,1965,7,17,1
3887,1920,1,17,2
3888,1916,10,27,1
3890,1958,10,22,2
3891,1958,12,14,2
3892,1979,4,19,2
3893,1969,12,26,2
3894,1941,1,21,2
3895,1945,5,3,1
3896,1923,10,3,2
3897,1951,3,28,1
3898,1948,1,17,1
3899,1919,9,20,1
3900,1943,9,23,2
3901,1951,4,12,1
3902,1949,12,20,1
3903,1948,3,18,1
3904,1939,1,15,1
3905,1935,8,5,2
3906,1936,12,23,2
3907,1954,12,9,1
3908,1929,11,25,2
3909,1923,9,16,1
3910,1919,8,23,1
3911,1952,10,13,1
3912,1945,3,7,1
3913,1951,8,1,2
3914,1920,8,24,1
3915,1977,1,5,2
3916,1970,8,27,1
3917,1967,12,28,2
3918,1974,1,10,2
3919,1942,6,17,2
3920,1925,8,13,1
3921,1958,1,21,1
3922,1928,4,8,1
3923,1935,10,20,2
3924,1971,1,9,2
3925,1936,8,14,1
3926,1972,10,1,2
3927,1948,2,23,1
3928,1928,8,8,1
3929,1957,11,1,2
3930,1921,1,17,2
3931,1921,10,15,1
3932,1939,10,6,2
3933,1946,9,7,1
3934,1968,10,15,2
3935,1939,11,27,2
3936,1962,4,8,1
3937,1963,6,9,2
3938,1980,1,22,2
3939,1953,11,6,2
3942,1952,8,13,2
3943,1945,12,4,2
3944,1936,1,1,2
3945,1931,10,25,1
3946,1975,5,11,2
3947,1967,5,25,2
3948,1979,5,23,1
3949,1974,8,26,2
3950,1924,3,21,2
3951,1920,7,22,1
3952,1965,12,28,1
3953,1925,6,9,1
3954,1957,10,31,2
3955,1960,5,31,1
3956,1975,6,2,1
3957,1971,8,12,2
3958,1946,4,30,1
3959,1970,7,15,1
3960,1964,1,6,2
3961,1943,4,3,1
3962,1952,11,28,2
3963,1974,2,7,2
3964,1942,5,7,2
3965,1963,5,16,2
3966,1969,10,7,1
3967,1960,9,26,1
3968,1955,6,15,2
3969,1951,2,19,1
3970,1980,8,9,1
3971,1966,2,20,2
3972,1930,6,1,2
3973,1982,8,20,1
3974,1938,8,24,2
3975,1954,7,19,1
3976,1967,9,13,2
3977,1975,9,27,2
3978,1970,12,15,2
3979,1928,10,14,1
3980,1953,7,13,2
3981,1979,6,16,2
3982,1919,1,15,1
3983,1926,5,22,1
3984,1964,3,13,1
3985,1979,4,16,1
3987,1960,11,7,2
3988,1974,9,4,1
3989,1980,3,27,2
3990,1973,2,3,2
3991,1967,5,17,2
3992,1948,11,10,1
3993,1980,3,7,1
3994,1965,1,31,1
3995,1948,8,15,1
3996,1947,7,16,1
3997,1927,1,5,1
3998,1950,6,3,1
3999,1976,1,16,1
4000,1957,10,22,2
4001,1956,1,29,2
4002,1920,6,29,1
4003,1949,4,23,2
4004,1957,8,12,1
4006,1978,5,7,1
4007,1948,11,7,2
4008,1951,5,8,1
4009,1966,6,29,2
4010,1948,6,17,1
4011,1957,12,19,1
4012,1956,10,9,1
4013,1951,12,6,1
4014,1980,9,6,2
4015,1972,12,27,1
4016,1971,5,25,1
4017,1964,5,15,2
4018,1980,9,7,1
4019,1945,9,16,2
4020,1953,3,31,1
4021,1948,12,10,2
4022,1926,2,10,2
4023,1925,5,17,1
4024,1964,10,16,2
4025,1971,10,7,1
4026,1945,9,24,1
4027,1965,6,28,1
4028,1970,8,8,2
4029,1967,1,3,2
4030,1976,9,21,1
4031,1975,5,22,2
4032,1964,8,2,1
4033,1925,10,15,2
4034,1937,7,17,2
4035,1930,8,20,1
4036,1976,7,9,1
4037,1966,10,22,1
4040,1961,5,17,1
4041,1954,1,26,2
4042,1939,9,4,2
4043,1953,5,9,1
4044,1930,4,29,1
4046,1944,12,18,1
4047,1937,1,28,2
4048,1923,11,24,2
4049,1945,9,13,2
4050,1948,12,30,2
4051,1949,10,6,2
4052,1950,10,17,1
4053,1929,9,23,1
4054,1959,2,8,1
4055,1953,6,1,1
4056,1952,7,26,1
4057,1922,6,11,1
4059,1924,5,11,2
4060,1954,6,21,1
4061,1978,12,24,2
4062,1950,8,8,2
4063,1966,2,16,1
4064,1972,2,8,2
4065,1942,6,27,2
4066,1936,11,28,1
4067,1959,7,8,1
4068,1924,6,25,2
4069,1959,3,7,2
4070,1959,5,23,1
4071,1942,12,15,1
4072,1941,5,8,2
4073,1955,2,10,2
4074,1958,6,8,1
4075,1944,9,18,1
4076,1969,11,17,2
4077,1955,3,6,1
4078,1951,6,4,2
4079,1955,6,29,2
4080,1943,9,26,1
4081,1978,6,3,2
4082,1961,1,15,1
4083,1968,1,30,1
4084,1957,10,5,2
4085,1952,12,4,1
4086,1941,12,22,1
4087,1946,2,16,1
4088,1948,12,18,1
4089,1947,2,27,2
4090,1971,6,22,2
4091,1982,9,7,1
4092,1933,11,11,1
4093,1946,9,29,2
4094,1979,12,19,2
4095,1974,9,14,2
4096,1980,3,16,1
4098,1938,3,28,2
4099,1945,5,3,1
4100,1955,3,13,2
4101,1970,5,7,1
4102,1969,8,15,1
4103,1965,5,19,2
4104,1919,4,10,2
4105,1980,11,15,1
4106,1936,11,9,2
4107,1954,9,9,2
4108,1926,1,26,1
4109,1953,8,11,2
4112,1974,11,28,2
4113,1947,9,9,1
4114,1964,2,9,2
4115,1943,3,27,2
4116,1936,11,24,2
4117,1918,7,1,1
4118,1978,6,17,2
4119,1962,2,20,1
4120,1961,3,6,2
4121,1923,2,12,2
4122,1969,9,18,2
4123,1966,11,12,1
4124,1963,11,10,1
4125,1922,4,17,1
4126,1975,9,9,2
4127,1970,5,26,1
4129,1952,3,31,1
4131,1976,6,2,2
4132,1962,10,15,2
4133,1965,3,22,1
4134,1954,2,12,1
4136,1959,1,6,2
4137,1949,8,30,2
4138,1968,9,18,1
4139,1969,7,20,2
4140,1963,10,4,2
4141,1970,3,18,2
4142,1960,6,11,2
4143,1955,8,24,2
4144,1955,9,11,1
4145,1922,12,2,1
4146,1955,6,13,1
4147,1972,12,23,2
4148,1968,2,8,1
4149,1979,3,7,2
4150,1977,8,10,1
4151,1926,7,17,1
4152,1927,6,7,2
4153,1956,4,12,2
4154,1953,10,25,1
4155,1923,5,13,2
4156,1962,11,2,1
4157,1972,5,9,2
4158,1920,7,10,1
4159,1913,12,6,2
4160,1969,6,27,1
4161,1972,9,9,1
4163,1951,6,7,2
4164,1924,10,22,1
4165,1955,3,13,2
4166,1947,2,26,2
4167,1949,5,31,1
4169,1980,2,19,1
4170,1983,8,27,2
4171,1980,5,18,2
4172,1945,4,29,1
4173,1978,6,4,1
4174,1927,2,11,2
4175,1965,1,6,1
4176,1922,8,31,2
4177,1935,12,25,2
4178,1926,8,31,2
4179,1920,7,29,2
4180,1932,6,17,2
4181,1964,5,15,1
4182,1941,6,23,2
4183,1940,11,13,1
4184,1975,4,26,1
4185,1964,4,23,1
4186,1978,10,14,2
4187,1967,8,28,1
4188,1976,8,17,2
4189,1941,12,7,2
4190,1942,11,17,2
4191,1957,1,6,1
4192,1931,11,21,2
4193,1937,2,28,1
4194,1940,1,3,1
4195,1945,7,30,2
4196,1951,1,16,1
4198,1954,10,17,1
4199,1961,12,19,2
4201,1977,7,19,2
4202,1970,5,20,1
4203,1967,1,8,1
4204,1960,6,3,2
4205,1935,2,5,2
4206,1942,10,9,2
4207,1938,3,2,2
4209,1933,2,23,1
4210,1979,9,15,2
4211,1973,4,17,1
4212,1945,5,27,2
4213,1925,6,27,1
4214,1921,7,3,2
4215,1952,6,8,1
4217,1951,6,25,1
4218,1939,10,6,1
4219,1944,1,4,1
4220,1963,9,15,2
4221,1941,9,26,1
4222,1928,8,16,2
4223,1970,5,30,2
4224,1977,4,3,1
4225,1977,8,8,2
4226,1957,4,8,2
4227,1963,12,24,1
4229,1961,10,5,2
4230,1961,11,11,1
4231,1959,8,8,1
4232,1971,2,15,2
4233,1938,2,15,2
4234,1972,11,8,1
4235,1975,11,15,1
4236,1962,1,17,1
4237,1923,7,31,1
4238,1971,4,26,1
4239,1920,12,11,2
4240,1960,10,21,1
4241,1950,3,30,1
4242,1954,4,27,2
4243,1958,1,26,2
4244,1922,8,12,1
4245,1919,9,23,2
4246,1980,9,9,1
4247,1975,1,16,1
4248,1975,5,7,1
4249,1977,5,21,2
4250,1961,9,6,1
4251,1960,4,26,2
4252,1953,5,28,1
4253,1936,5,19,1
4254,1972,3,5,2
4255,1925,6,28,1
4256,1957,3,29,2
4257,1968,6,29,1
4258,1966,5,11,1
4259,1949,6,16,1
4260,1967,6,1,2
4261,1924,8,4,1
4262,1925,4,24,1
4263,1972,6,26,1
4264,1971,6,21,1
4265,1978,1,19,2
4266,1974,1,26,1
4267,1936,4,21,1
4268,1928,6,11,2
4269,1955,9,7,1
4270,1972,2,5,1
4271,1964,7,23,2
4272,1978,8,30,1
4273,1976,11,29,1
4274,1937,5,24,1
4275,1957,6,26,1
4276,1973,8,5,1
4277,1979,11,5,2
4278,1949,11,18,2
4279,1949,10,13,2
4280,1944,1,8,1
4281,1931,4,13,2
4282,1932,6,9,2
4283,1924,9,5,2
4284,1946,11,26,2
4285,1945,12,28,1
4286,1965,9,28,1
4287,1953,10,7,1
4288,1946,3,8,1
4289,1981,11,23,2
4290,1947,3,9,2
4291,1951,5,7,1
4292,1952,7,19,2
4293,1959,12,16,1
4294,1956,6,22,2
4295,1960,3,16,2
4296,1925,11,6,2
4297,1928,10,16,1
4298,1920,4,18,2
4299,1977,9,15,1
4300,1977,11,15,1
4301,1956,5,3,1
4302,1944,1,4,1
4303,1978,3,5,1
4304,1945,6,15,1
4305,1939,6,21,1
4306,1940,10,17,2
4307,1977,4,14,2
4308,1970,1,10,1
4309,1979,4,26,1
4310,1925,5,30,1
4311,1981,4,12,2
4312,1979,10,20,1
4313,1968,2,21,1
4314,1925,5,24,1
4315,1959,4,25,1
4316,1943,8,26,1
4317,1978,10,11,1
4318,1942,9,11,1
4319,1946,11,6,2
4320,1958,11,4,1
4321,1973,10,18,1
4322,1970,10,1,2
4323,1924,3,20,2
4324,1918,7,22,1
4325,1947,7,19,2
4326,1930,9,20,2
4327,1937,8,23,1
4328,1976,6,13,1
4329,1947,5,18,1
4330,1921,7,2,2
4331,1959,9,3,2
4332,1936,1,11,2
4333,1958,4,20,2
4334,1954,2,19,1
4335,1924,12,25,1
4336,1969,8,2,1
4337,1966,4,21,2
4338,1944,10,25,2
4339,1977,9,15,1
4340,1949,7,18,1
4341,1964,5,1,2
4342,1918,4,7,1
4343,1929,8,9,1
4344,1925,6,15,2
4345,1974,9,29,1
4346,1973,9,20,1
4347,1926,6,20,1
4348,1978,4,17,1
4349,1959,8,22,1
4350,1966,8,20,2
4352,1971,7,24,2
4353,1979,9,19,1
4354,1986,8,13,2
4355,1938,12,29,1
4358,1942,10,24,2
4359,1950,8,2,2
4360,1965,7,10,1
4361,1955,5,4,2
4362,1943,9,16,2
4363,1951,7,1,1
4364,1977,12,5,2
4365,1961,5,12,2
4367,1982,3,30,2
4368,1977,10,21,1
4369,1965,6,15,2
4370,1939,6,28,2
4371,1968,12,12,2
4372,1933,10,11,2
4373,1951,12,20,2
4376,1954,3,5,2
4377,1978,1,31,2
4380,1931,5,13,2
4381,1959,1,25,2
4382,1980,10,20,2
4383,1963,8,1,2
4384,1973,1,12,1
4385,1972,10,2,1
4386,1945,12,27,1
4387,1946,2,18,2
4388,1936,9,16,1
4389,1926,7,1,1
4390,1972,4,29,1
4393,1941,9,11,1
4394,1975,12,30,1
4395,1958,5,16,1
4396,1974,11,7,1
4397,1973,11,26,2
4398,1958,7,23,2
4399,1967,11,20,1
4400,1959,8,29,1
4401,1968,7,20,2
4402,1929,4,11,2
4403,1938,10,19,1
4404,1951,4,9,1
4405,1959,4,17,1
4406,1954,11,1,2
4407,1975,7,6,2
4408,1923,5,19,2
4409,1928,1,22,1
4410,1976,1,12,1
4411,1950,1,2,2
4412,1952,11,26,1
4413,1977,5,4,2
4414,1933,6,19,2
4415,1977,7,9,2
4416,1970,12,25,2
4417,1976,4,24,2
4418,1970,5,19,2
4420,1957,5,6,2
4421,1944,6,27,1
4422,1943,7,31,1
4423,1918,5,24,2
4424,1933,5,6,2
4425,1936,10,15,1
4426,1969,9,13,1
4427,1940,11,3,2
4428,1954,3,9,2
4429,1945,4,2,2
4430,1938,6,27,1
4431,1930,9,30,2
4432,1964,3,14,1
4433,1968,2,22,2
4434,1964,3,29,2
4435,1965,10,30,1
4436,1920,4,28,2
4437,1961,10,26,1
4438,1957,12,4,2
4439,1975,3,25,2
4440,1948,12,26,2
4441,1943,10,7,1
4442,1921,4,29,1
4444,1969,3,28,2
4445,1964,4,14,1
4446,1950,10,11,1
4447,1957,8,16,2
4448,1942,5,2,1
4449,1949,11,8,2
4450,1949,1,5,1
4451,1927,10,19,1
4452,1924,6,8,1
4453,1976,5,29,1
4454,1976,2,9,2
4455,1976,7,29,2
4456,1936,10,23,2
4457,1943,1,17,2
4458,1950,12,23,1
4459,1962,5,21,1
4460,1957,2,24,2
4461,1957,4,22,1
4462,1977,9,13,2
4463,1923,8,17,2
4464,1964,11,19,2
4465,1937,6,2,2
4466,1922,10,7,1
4467,1944,11,17,1
4468,1944,5,4,2
4469,1973,2,28,1
4471,1975,6,11,1
4472,1965,7,25,2
4473,1944,12,27,2
4474,1964,12,9,1
4476,1927,1,13,2
4477,1957,1,18,2
4478,1952,5,14,1
4479,1958,7,24,1
4480,1963,3,30,2
4481,1975,6,16,2
4482,1979,1,17,2
4483,1966,8,29,1
4484,1955,4,11,2
4485,1919,7,20,2
4486,1914,6,14,1
4487,1974,8,14,2
4488,1971,4,3,1
4489,1948,3,24,2
4490,1956,2,18,1
4491,1977,7,13,1
4492,1965,9,8,1
4493,1947,10,5,2
4494,1952,11,9,2
4495,1979,4,11,2
4496,1971,2,19,2
4497,1964,9,14,1
4498,1931,12,28,2
4499,1929,9,28,1
4500,1924,8,12,2
4501,1947,3,18,1
4502,1932,1,10,2
4503,1928,5,28,1
4504,1965,11,24,1
4505,1966,7,6,2
4506,1954,11,30,1
4507,1970,8,3,2
4508,1921,11,14,2
4509,1920,3,12,1
4510,1938,12,28,1
4511,1945,4,27,1
4512,1963,10,19,2
4514,1940,12,25,2
4515,1920,9,28,1
4516,1961,9,27,1
4518,1952,4,4,1
4519,1951,10,31,1
4520,1957,6,28,1
4521,1943,9,9,2
4522,1950,11,1,1
4523,1952,3,9,2
4524,1957,7,14,2
4525,1964,7,17,1
4526,1970,4,24,1
4527,1963,2,4,1
4528,1922,1,9,2
4529,1976,9,16,2
4530,1984,9,18,1
4531,1964,6,25,1
4532,1953,10,9,2
4533,1980,1,29,2
4534,1954,12,24,2
4535,1931,12,3,1
4536,1947,10,14,2
4539,1942,12,12,2
4540,1936,1,16,2
4541,1971,3,2,1
4542,1954,2,6,2
4543,1941,12,1,2
4544,1955,6,13,1
4545,1936,1,20,1
4546,1951,4,20,1
4547,1943,12,30,1
4548,1958,1,5,2
4549,1920,10,30,1
4550,1942,10,17,1
4551,1924,4,29,2
4552,1919,2,28,1
4553,1945,2,23,1
4554,1937,7,24,2
4555,1960,8,7,2
4556,1970,5,31,2
4557,1932,10,24,1
4558,1928,9,27,2
4559,1958,3,9,1
4560,1963,10,20,2
4561,1968,6,29,1
4562,1965,10,11,2
4563,1971,7,25,1
4564,1975,8,25,2
4565,1948,3,3,2
4567,1937,2,12,2
4568,1982,4,26,2
4569,1971,7,9,1
4570,1939,11,3,1
4571,1967,11,7,2
4572,1936,5,21,1
4573,1955,10,12,1
4574,1966,11,12,1
4575,1964,9,20,1
4576,1958,6,27,2
4577,1949,7,25,1
4578,1976,12,27,2
4579,1939,7,1,1
4580,1944,11,24,1
4581,1956,6,16,1
4582,1918,10,12,2
4583,1941,8,24,1
4584,1949,6,24,1
4585,1948,9,10,1
4586,1951,8,13,2
4587,1978,5,6,1
4588,1976,11,5,1
4589,1976,9,15,1
4590,1936,3,17,2
4591,1933,8,19,2
4592,1955,3,29,1
4593,1932,7,3,2
4594,1940,11,25,2
4595,1940,11,29,1
4596,1973,8,31,1
4597,1952,5,19,1
4598,1941,4,12,1
4599,1947,12,5,2
4600,1967,3,13,2
4601,1935,4,2,2
4602,1934,4,4,1
4603,1946,7,26,1
4604,1968,10,2,2
4605,1980,9,9,1
4606,1937,10,14,2
4607,1976,11,16,1
4608,1945,1,18,2
4609,1976,12,19,1
4610,1966,1,2,1
4611,1953,5,10,1
4612,1960,9,23,1
4615,1951,7,31,2
4617,1977,12,20,2
4618,1972,3,27,1
4619,1941,2,20,1
4620,1940,11,1,1
4621,1946,2,10,2
4622,1972,5,25,1
4623,1967,5,9,2
4624,1966,5,24,1
4625,1967,3,4,2
4626,1947,11,24,1
4627,1942,3,24,2
4628,1938,5,31,1
4629,1923,5,10,2
4630,1915,9,27,1
4631,1933,4,1,1
4632,1928,4,18,2
4633,1980,10,31,1
4634,1940,3,9,1
4635,1936,2,28,2
4636,1977,9,22,2
4637,1969,2,13,2
4638,1968,2,26,1
4639,1980,5,16,2
4640,1956,5,7,1
4641,1958,2,12,2
4642,1960,8,3,1
4643,1969,7,21,1
4644,1931,1,19,2
4647,1978,8,20,2
4648,1964,1,24,2
4649,1928,6,25,1
4650,1965,7,15,1
4651,1979,1,24,2
4652,1962,2,26,2
4653,1946,12,18,1
4654,1950,2,15,1
4655,1947,10,14,2
4656,1942,9,16,2
4657,1941,9,13,2
4658,1935,10,11,2
4659,1959,4,14,1
4660,1975,7,6,1
4661,1944,5,11,1
4662,1927,2,10,1
4663,1942,10,29,2
4664,1921,8,5,2
4665,1926,8,27,1
4666,1928,6,12,2
4667,1941,4,26,2
4668,1938,6,25,1
4670,1968,8,14,1
4671,1972,7,27,2
4672,1949,8,28,2
4673,1952,8,16,2
4674,1978,12,27,1
4675,1975,10,2,2
4677,1921,9,29,1
4678,1968,12,6,2
4679,1948,1,31,2
4680,1979,5,24,1
4681,1949,10,8,1
4682,1953,8,11,2
4683,1956,8,2,2
4684,1953,3,5,1
4685,1964,7,14,2
4686,1944,7,2,2
4687,1947,12,19,1
4688,1940,9,11,2
4689,1963,4,26,2
4690,1962,8,26,1
4691,1964,1,28,2
4692,1955,4,6,1
4693,1943,3,2,2
4694,1943,4,15,1
4695,1925,12,11,2
4696,1933,4,12,1
4697,1957,9,25,1
4698,1963,3,31,2
4699,1963,11,12,1
4700,1937,6,15,1
4701,1941,6,28,2
4704,1955,4,29,1
4705,1955,9,12,2
4706,1943,7,11,1
4707,1940,11,5,2
4708,1950,7,14,2
4709,1978,4,16,2
4710,1961,5,9,1
4711,1955,7,23,2
4712,1960,6,6,1
4713,1918,11,4,1
4714,1911,8,20,2
4715,1976,8,12,1
4716,1933,8,2,1
4717,1944,8,9,2
4718,1932,11,22,2
4719,1937,2,18,2
4720,1946,5,6,1
4721,1956,3,21,1
4722,1972,1,28,2
4723,1941,2,6,1
4724,1973,10,14,1
4725,1945,11,17,2
4726,1952,7,4,1
4727,1970,11,23,1
4728,1970,10,31,2
4729,1945,7,7,2
4730,1920,5,4,2
4731,1973,2,11,1
4732,1918,3,17,2
4733,1955,7,17,2
4734,1925,3,21,2
4735,1922,10,23,1
4736,1943,5,28,1
4737,1981,6,1,1
4739,1960,3,8,1
4740,1977,6,12,2
4741,1929,7,29,1
4742,1949,4,13,1
4743,1956,9,25,2
4744,1929,12,18,2
4745,1948,8,4,1
4746,1941,7,20,1
4747,1922,4,27,1
4748,1928,1,26,2
4749,1948,1,19,1
4750,1962,4,4,2
4751,1973,1,8,2
4752,1939,10,9,2
4753,1934,2,18,1
4754,1939,12,28,1
4755,1954,9,5,1
4756,1950,1,8,1
4757,1945,10,9,2
4758,1973,1,9,1
4759,1980,2,21,2
4760,1935,3,27,2
4761,1934,11,28,1
4762,1971,2,13,1
4763,1944,2,23,1
4764,1979,10,15,2
4765,1935,3,6,2
4766,1967,5,27,2
4767,1918,9,21,1
4768,1960,4,3,1
4769,1923,1,23,1
4770,1924,12,13,2
4771,1961,1,7,1
4772,1950,1,29,1
4773,1952,6,13,1
4774,1951,8,14,2
4775,1948,7,22,1
4776,1974,12,22,2
4777,1929,6,23,1
4778,1922,3,7,2
4779,1978,2,10,2
4780,1972,2,1,1
4781,1966,8,15,1
4782,1966,12,28,2
4783,1978,10,16,1
4784,1920,12,8,1
4785,1921,10,6,2
4786,1938,8,16,2
4787,1962,3,12,2
4788,1980,4,27,1
4789,1940,9,26,1
4790,1946,2,9,2
4791,1936,2,15,2
4792,1957,5,25,1
4793,1946,2,15,1
4794,1945,11,16,1
4795,1925,9,18,1
4796,1928,3,11,2
4797,1940,9,3,1
4798,1962,1,2,1
4799,1946,3,20,1
4800,1953,8,14,2
4801,1978,11,25,2
4802,1971,7,6,2
4803,1945,8,7,2
4804,1930,2,7,1
4805,1935,3,13,1
4806,1944,2,1,1
4807,1948,12,28,2
4808,1981,11,24,1
4809,1930,11,1,2
4810,1935,1,26,1
4811,1971,3,26,1
4812,1925,6,26,2
4813,1968,10,25,2
4814,1962,2,28,2
4815,1970,9,17,2
4816,1974,3,4,1
4817,1969,9,4,2
4818,1932,3,13,2
4819,1964,4,13,2
4820,1969,9,19,1
4821,1939,6,8,1
4822,1945,10,13,2
4823,1982,4,16,2
4824,1940,3,5,2
4826,1977,12,27,1
4831,1958,8,14,2
4832,1957,1,9,1
4833,1971,2,28,1
4836,1952,12,31,2
4837,1967,3,13,1
4853,1939,3,1,2
4861,1977,11,1,1
4862,1943,11,23,1
4863,1974,3,2,1
4877,1957,2,19,2
4882,1978,12,21,2
4886,1979,12,9,2
4892,1969,3,8,2
4901,1950,5,8,1
4904,1961,4,19,1
4906,1976,10,19,1
4907,1974,5,31,2
4915,1963,7,19,2
4916,1939,1,9,2
4918,1968,5,6,2
4919,1951,5,26,1
4923,1962,7,2,2
4925,1951,6,18,2
4927,1955,3,16,1
4928,1976,2,9,2
4929,1943,7,30,2
4930,1981,7,30,2
4937,1960,11,9,1
4941,1979,2,25,1
4942,1959,7,5,2
4944,1982,4,7,2
4949,1982,10,20,2
4956,1946,10,10,2
4959,1979,4,25,2
4961,1982,7,31,2
4968,1938,5,26,2
4969,1968,7,20,1
4972,1977,7,13,1
4974,1962,6,30,1
4975,1961,10,21,2
4976,1981,1,18,2
4979,1937,6,28,2
4989,1935,9,4,2
4992,1972,7,14,1
4993,1973,6,27,1
4994,1978,6,21,2
5002,1977,7,17,1
5010,1950,9,8,1
5012,1972,9,22,1
5013,1980,9,15,2
5016,1946,1,5,1
5028,1976,4,10,2
5030,1980,1,15,2
5046,1937,8,22,2
5050,1951,1,19,2
5056,1957,2,4,1
5067,1975,9,10,1
5072,1981,3,24,1
5081,1961,10,31,1
5093,1949,4,12,1
5107,1947,10,6,1
5108,1944,5,22,2
5111,1959,12,12,2
5117,1975,3,21,2
5126,1965,4,3,2
5127,1975,4,5,1
5128,1963,12,24,2
5132,1967,10,21,2
5133,1959,8,10,1
5134,1967,7,19,1
5137,1979,5,5,2
5138,1974,8,5,1
5141,1953,5,19,1
5143,1973,3,9,2
5144,1966,6,7,1
5145,1950,10,31,1
5149,1962,12,18,2
5152,1975,9,9,1
5159,1964,12,2,2
5163,1957,10,28,1
5164,1971,11,30,2
5171,1956,9,23,1
5175,1949,9,18,1
5180,1943,12,20,2
5189,1961,1,10,1
5200,1960,4,23,1
5201,1954,4,19,2
5203,1945,9,8,1
5204,1963,1,22,2
5212,1946,10,12,1
5213,1980,10,10,2
5214,1976,9,12,2
5215,1973,10,15,1
5217,1940,7,16,1
5223,1977,1,11,1
5224,1949,7,24,2
5232,1948,4,6,1
5233,1967,10,30,2
5236,1978,6,3,2
5237,1977,8,3,2
5240,1940,2,17,2
5241,1978,6,26,2
5243,1970,4,18,2
5245,1942,3,18,1
5246,1982,5,15,2
5247,1943,4,14,2
5249,1971,1,5,1
5253,1946,10,7,1
5254,1948,9,16,2
5263,1962,2,27,1
5273,1959,1,10,2
5275,1950,5,21,2
5277,1968,11,7,1
5281,1941,12,24,2
5283,1982,3,10,2
5284,1971,9,24,1
5287,1971,1,2,2
5308,1974,7,9,1
5312,1947,1,8,2
5313,1947,1,16,1
5318,1968,3,28,2
5319,1964,9,23,1
5320,1951,4,7,1
5321,1950,2,1,2
5322,1956,3,13,1
5323,1976,2,17,1
5325,1970,9,18,1
5326,1967,8,12,2
5333,1967,5,29,1
5334,1935,12,29,2
5337,1961,5,2,2
5338,1966,5,25,1
5347,1949,3,31,2
5352,1976,8,18,1
5353,1967,5,22,1
5354,1967,1,5,1
5358,1942,8,31,2
5362,1939,12,9,2
5364,1964,3,14,2
5365,1971,5,1,1
5366,1971,9,20,1
5367,1979,6,6,2
5374,1947,11,26,2
5376,1970,1,23,2
5379,1978,3,20,2
5384,1935,7,21,2
5385,1974,2,1,2
5389,1968,8,31,2
5392,1955,3,28,1
5393,1955,12,3,2
5395,1962,6,1,2
5397,1969,7,30,1
5398,1967,3,23,2
5399,1972,12,27,1
5402,1968,5,29,1
5404,1976,9,18,1
5409,1948,3,25,2
5413,1946,4,10,2
5420,1935,7,19,2
5433,1975,9,24,2
5441,1957,1,25,2
5445,1952,9,16,2
5450,1940,8,28,2
5460,1961,10,1,2
5461,1968,9,20,1
5462,1963,9,8,2
5468,1944,5,27,1
5469,1979,3,2,1
5472,1956,5,10,2
5473,1968,8,9,1
5478,1945,10,27,2
5487,1947,9,17,1
5517,1964,3,13,2
5521,1973,5,15,1
5526,1947,3,19,2
5527,1941,11,28,1
5530,1953,3,29,2
5531,1979,5,15,2
5539,1935,6,5,2
5563,1976,1,1,2
5565,1966,12,22,1
5574,1970,9,12,1
5579,1951,2,16,2
5580,1952,3,1,1
5606,1980,8,6,2
5617,1958,8,1,1
5618,1953,3,22,1
5642,1957,11,4,1
5684,1955,3,2,1
5699,1950,10,8,2
5701,1959,11,22,1
5704,1975,10,9,1
5722,1959,10,7,1
5727,1953,2,24,2
5736,1953,5,16,2
5753,1948,5,23,2
5760,1948,5,8,2
5761,1941,5,11,1
5774,1960,1,15,1
5775,1955,3,10,2
5788,1962,5,4,2
5801,1979,12,10,1
5826,1968,9,9,2
5827,1975,1,28,1
5858,1952,7,17,2
5859,1945,1,29,1
5860,1964,4,22,2
5866,1978,4,3,1
5873,1979,4,6,1
5911,1935,10,3,2
5928,1970,9,10,1
5965,1951,4,10,2
5977,1979,5,31,2
5978,1944,1,27,1
6001,1937,5,1,2
6015,1973,11,21,2
6033,1966,5,27,2
6034,1939,8,15,2
6039,1958,7,3,1
6040,1963,4,10,2
6042,1963,10,12,2
6052,1949,4,6,2
6067,1950,3,13,1
6077,1980,4,30,1
6112,1958,12,28,1
6114,1940,2,15,1
6115,1953,12,25,1
6122,1968,2,16,1
6144,1956,12,19,1
6175,1964,5,17,2
6178,1940,10,15,1
6183,1963,11,16,2
6185,1948,3,5,1
6186,1952,5,27,2
6191,1952,12,24,2
6196,1943,3,9,2
6235,1940,4,4,2
6255,1946,1,1,1
6256,1941,5,21,2
6257,1942,8,20,1
6272,1942,10,10,2
6275,1956,12,30,2
6299,1936,8,9,2
6301,1949,3,8,1
6317,1957,1,27,1
6318,1950,3,5,2
6342,1954,6,4,2
6349,1972,12,3,2
6359,1976,7,6,2
6363,1973,10,20,1
6366,1966,2,21,2
6367,1970,4,28,2
6383,1970,1,7,2
6391,1952,1,30,2
6408,1956,6,29,2
6417,1950,1,7,2
6422,1960,9,23,2
6452,1942,7,17,2
6468,1944,2,23,2
6469,1953,3,16,2
6473,1940,9,30,1
6474,1934,11,30,2
6478,1951,5,20,2
6481,1958,12,24,1
6485,1962,5,21,1
6499,1963,2,1,2
6501,1970,11,4,2
6511,1953,8,7,2
6544,1974,8,4,2
6545,1978,9,9,1
6546,1963,8,22,1
6551,1948,8,12,1
6552,1955,2,21,2
6567,1978,11,21,1
6571,1971,3,24,1
6604,1948,7,26,2
6610,1954,6,3,2
6616,1953,6,18,2
6619,1943,12,18,1
6644,1959,9,6,1
6691,1942,10,15,2
6698,1952,7,13,1
6729,1957,12,27,2
6731,1943,11,26,2
6749,1943,9,29,1
6750,1946,6,4,2
6753,1962,5,23,2
6764,1944,4,12,2
6789,1979,3,26,2
6798,1948,8,3,1
6803,1980,12,7,1
6804,1981,6,7,2
6827,1969,4,28,2
6829,1963,12,24,1
6844,1971,9,5,1
6886,1942,3,13,1
6892,1951,3,22,1
6893,1944,1,14,2
6895,1971,6,24,2
6906,1949,9,25,2
6922,1939,4,27,1
6924,1967,8,23,2
6936,1959,2,27,1
6944,1970,3,13,2
6946,1970,1,29,1
6967,1953,12,17,2
6978,1965,4,5,2
6987,1968,1,29,2
7010,1967,6,30,2
7011,1961,4,14,1
7043,1940,6,30,2
7065,1971,7,7,1
7100,1961,9,23,1
7102,1967,7,20,1
7112,1961,6,24,2
7127,1957,9,29,2
7150,1963,9,16,1
7166,1964,5,13,2
7186,1944,6,1,1
7195,1962,9,11,2
7234,1965,8,4,2
7241,1957,9,6,1
7286,1970,2,10,1
7291,1940,12,2,1
7299,1938,9,16,2
7311,1949,5,18,2
7324,1963,3,18,1
7325,1975,1,24,2
7327,1959,5,22,2
7339,1974,2,28,1
7348,1977,10,26,1
7366,1973,4,12,1
7390,1937,11,4,2
7411,1963,1,25,1
7412,1955,10,17,2
7422,1958,11,26,2
7423,1964,9,8,1
7434,1942,4,4,1
7435,1957,4,16,1
7521,1960,2,9,1
7567,1937,3,15,2
7576,1962,7,10,2
7586,1973,1,28,1
7594,1949,4,7,1
7614,1977,3,5,2
7632,1948,1,11,2
7672,1953,4,5,2
7678,1962,4,7,2
7683,1946,4,1,2
7723,1966,6,14,1
7724,1968,2,23,2
7727,1958,6,13,1
7753,1978,9,23,1
7765,1958,2,24,1
7772,1976,12,30,1
7787,1951,7,10,2
7796,1975,9,27,1
7797,1970,7,30,2
7800,1957,8,30,1
7814,1976,1,6,1
7815,1946,1,19,1
7843,1966,5,11,2
7855,1964,1,30,1
7862,1965,10,17,2
7863,1959,3,12,2
7864,1935,12,14,2
7914,1966,10,24,1
7959,1978,6,29,1
7970,1967,11,20,2
7980,1976,8,8,2
8013,1942,6,22,2
8030,1967,7,19,2
8064,1966,11,29,1
8074,1958,10,7,2
8076,1950,7,27,1
8089,1965,4,6,2
8091,1971,2,10,2
8096,1979,11,2,1
8105,1963,3,12,2
8130,1976,5,8,1
8200,1944,5,31,1
8217,1978,8,2,2
8276,1979,6,8,1
8287,1936,9,26,2
8295,1951,1,23,1
8327,1945,8,31,1
8333,1966,2,1,2
8342,1979,7,30,2
8356,1969,9,4,2
8359,1979,12,6,2
8362,1975,9,15,1
8366,1960,5,21,1
8392,1966,5,8,1
8393,1966,5,6,2
8432,1968,1,6,1
8433,1961,9,11,2
8463,1947,9,4,2
8489,1952,12,27,1
8502,1943,4,19,2
8506,1979,12,25,1
8510,1947,5,24,2
8548,1945,5,10,1
8568,1971,12,3,1
8571,1935,10,26,2
8598,1957,12,31,1
8610,1948,5,2,1
8611,1948,10,26,2
8615,1939,4,13,1
8636,1941,11,12,1
8661,1954,5,11,1
8666,1971,8,28,1
8667,1967,2,12,1
8670,1943,1,7,1
8677,1955,8,14,2
8678,1962,7,12,1
8692,1953,7,7,1
8726,1953,8,10,2
8737,1948,4,11,1
8738,1948,7,10,2
8764,1940,7,7,1
8777,1953,4,11,1
9173,1945,2,4,2
9174,1940,10,9,1
9196,1939,4,23,1
9202,1962,2,9,2
9217,1940,1,30,1
9226,1939,12,25,1
9231,1972,9,24,1
9236,1956,5,7,1
9250,1963,1,14,2
9273,1955,8,26,1
9274,1958,4,5,2
9276,1946,11,6,2
9313,1960,4,17,1
9316,1958,10,26,1
9340,1967,8,22,2
9346,1972,12,10,2
9362,1973,7,19,1
9366,1975,6,26,2
9370,1975,12,20,2
9403,1974,3,22,2
9417,1949,3,8,2
9418,1950,4,10,2
9419,1950,11,9,1
9427,1970,11,9,1
9428,1965,5,9,2
9433,1945,3,22,1
9450,1943,10,11,1
9451,1942,5,5,2
9456,1941,12,7,1
9457,1978,9,26,2
9458,1973,11,21,1
9505,1958,8,21,2
9546,1955,11,2,1
9555,1947,5,15,1
9569,1950,7,18,1
9582,1942,4,14,1
9593,1968,1,28,1
9606,1949,2,16,2
9611,1958,5,27,2
9616,1962,9,19,2
9641,1945,1,26,2
9642,1937,9,3,1
9663,1945,9,24,2
9664,1944,11,13,1
9670,1948,5,4,2
9675,1970,2,19,1
9680,1977,8,21,2
9702,1951,11,16,1
9715,1977,11,30,1
9717,1952,11,10,1
9718,1959,2,3,2
9721,1954,12,5,2
9755,1951,6,5,1
9760,1969,2,17,2
9775,1960,6,23,2
9776,1961,3,5,1
9798,1950,3,2,1
9820,1968,1,21,1
9833,1964,9,21,2
9834,1960,3,17,1
9844,1945,8,3,2
9845,1943,6,15,1
9846,1967,7,1,1
9872,1967,3,17,1
9880,1970,12,10,1
9914,1942,12,8,2
9915,1967,7,10,2
9929,1967,7,19,1
9930,1972,6,23,2
9933,1941,10,15,2
9945,1968,4,14,1
9946,1960,4,20,2
9973,1945,10,3,1
9987,1950,6,19,1
9995,1958,7,7,2
9997,1962,6,7,2
10023,1973,3,20,1
10040,1968,10,30,1
10041,1968,4,17,2
10043,1965,10,29,2
10046,1946,9,17,1
10066,1963,5,23,1
10070,1974,4,23,2
10075,1964,7,1,2
10076,1969,12,25,1
10077,1973,6,27,2
10090,1980,3,14,1
10095,1976,2,6,1
10096,1978,1,5,2
10145,1965,7,25,1
10159,1938,1,6,2
10198,1976,5,24,2
10199,1979,8,13,1
10200,1980,2,16,1
10201,1985,10,19,2
10209,1975,10,27,2
10269,1940,5,11,1
10273,1958,9,27,1
10274,1956,10,11,2
10275,1970,1,25,1
10276,1976,11,16,2
10282,1979,6,19,2
10287,1962,9,3,1
10288,1959,6,7,2
10303,1962,4,5,2
10350,1961,9,14,1
10351,1958,11,10,2
10355,1976,7,10,1
10382,1965,2,17,1
10389,1943,8,15,1
10459,1964,8,9,1
10475,1948,8,28,1
10476,1950,12,4,2
10479,1955,10,20,1
10492,1937,11,11,2
10510,1945,1,26,1
10511,1950,1,15,2
10517,1980,9,12,1
10528,1952,2,16,1
10543,1945,2,23,1
10555,1935,12,15,2
10563,1949,1,7,2
10564,1954,3,19,1
10566,1942,11,9,1
10636,1971,8,3,2
10639,1954,1,29,2
10654,1962,7,16,1
10662,1949,8,25,1
10702,1938,5,3,2
10703,1943,4,28,1
10714,1946,3,31,1
10746,1971,8,4,2
10777,1980,1,27,1
10778,1976,3,19,2
10798,1980,3,23,1
10813,1979,5,13,1
10818,1972,8,4,2
10828,1957,11,23,1
10912,1963,1,9,2
10960,1942,2,20,2
10963,1944,6,15,2
10987,1961,10,3,1
10988,1964,6,13,2
10997,1972,2,6,1
10998,1967,12,19,2
11004,1947,11,16,2
11008,1969,5,19,1
11034,1972,2,19,2
11050,1957,5,4,1
11063,1955,11,4,1
11064,1953,7,9,2
11083,1953,10,17,2
11093,1959,1,29,2
11105,1957,2,1,1
11114,1952,7,26,2
11121,1971,4,10,1
11122,1979,6,10,2
11123,1948,1,29,2
11126,1965,1,22,1
11130,1961,4,8,1
11131,1957,7,26,2
11136,1944,7,27,1
11147,1972,7,12,1
11149,1965,7,14,2
11195,1953,12,5,2
11208,1957,3,5,1
11250,1946,9,23,1
11252,1965,12,8,1
11266,1938,9,25,2
11267,1936,8,26,1
11271,1937,12,8,2
11274,1969,4,14,2
11275,1963,4,18,1
11286,1940,11,27,1
11304,1960,10,20,1
11314,1936,6,2,2
11319,1942,4,14,1
11327,1947,10,21,2
11329,1961,1,31,1
11331,1944,12,14,1
11337,1969,4,3,2
11359,1972,8,20,2
11360,1972,4,19,1
11362,1966,1,11,1
11371,1941,11,4,1
11372,1961,9,28,2
11379,1952,5,28,2
11380,1951,4,6,1
11381,1979,7,26,1
11405,1964,7,29,1
11406,1970,11,15,2
11409,1980,5,2,1
11461,1974,7,8,2
11491,1958,5,16,1
11497,1959,7,17,1
11516,1938,11,9,2
11517,1940,5,21,1
11545,1966,1,22,1
11574,1944,4,20,1
11596,1940,12,4,1
11598,1977,9,23,1
11609,1957,2,11,2
11637,1951,6,12,2
11638,1954,8,24,1
11662,1972,4,3,2
11676,1943,3,12,1
11683,1980,1,28,2
11685,1965,7,23,1
11686,1948,10,18,1
11687,1945,1,23,2
11701,1949,4,14,2
11709,1961,8,3,2
11710,1967,6,19,1
11713,1951,4,11,1
11714,1945,7,4,2
11732,1957,5,20,1
11754,1966,11,3,2
11755,1945,7,16,1
11768,1971,9,12,1
11794,1970,10,7,1
11795,1977,2,23,2
11804,1944,12,12,2
11851,1970,4,2,2
11855,1957,12,1,2
11857,1952,8,26,2
11860,1925,8,30,1
11866,1937,9,2,2
11867,1934,11,19,1
11873,1963,11,20,1
11874,1969,1,19,2
11875,1967,6,23,1
11886,1941,9,13,1
11906,1944,12,3,2
11907,1945,11,16,1
11911,1939,10,24,2
11943,1961,7,9,2
11947,1964,5,29,2
11976,1939,10,27,1
11977,1944,7,1,2
11978,1971,10,9,2
11979,1977,12,9,1
12003,1976,6,23,2
12050,1943,5,30,2
12051,1936,9,30,1
12079,1972,8,12,1
12092,1977,5,15,2
12095,1939,2,27,2
12102,1968,9,7,1
12133,1964,6,26,1
12144,1980,11,23,2
12145,1982,6,25,1
12163,1954,6,16,2
12181,1961,8,19,2
12220,1971,11,12,1
12221,1971,2,24,2
12303,1974,4,5,1
12308,1978,11,29,2
12324,1978,3,6,2
12325,1964,10,30,2
12328,1944,4,8,1
12344,1940,6,20,1
12358,1943,7,5,2
12359,1935,10,13,1
12376,1959,2,17,2
12378,1946,8,27,1
12382,1955,11,29,2
12383,1963,5,13,1
12396,1970,1,17,1
12397,1973,6,2,2
12416,1973,5,30,2
12417,1974,1,3,1
12432,1965,3,7,2
12464,1959,12,17,2
12468,1969,7,4,2
12485,1965,4,10,1
12490,1980,8,14,2
12547,1963,10,13,1
12561,1966,6,20,2
12568,1956,3,1,1
12577,1950,5,5,1
12586,1947,1,30,2
12599,1956,1,1,2
12616,1965,1,26,1
12625,1958,12,7,2
12643,1962,7,20,1
12662,1953,6,1,2
12695,1979,3,16,2
12726,1945,8,9,1
12729,1968,3,21,2
12730,1964,9,29,1
12738,1960,10,29,1
12739,1958,1,17,2
12750,1940,5,25,1
12754,1960,8,20,2
12755,1959,11,1,1
12756,1949,1,21,1
12802,1969,8,12,2
12810,1964,10,14,2
12840,1939,7,27,2
12843,1953,5,5,2
12844,1946,10,15,2
12850,1955,8,26,2
12851,1957,9,27,1
12859,1976,5,21,1
12890,1958,1,20,1
12908,1941,3,12,2
12943,1970,10,12,2
12986,1973,5,8,1
12991,1947,1,16,2
13044,1976,3,1,2
13051,1965,1,13,2
13071,1956,2,18,2
13089,1979,2,14,1
13090,1980,4,18,1
13095,1950,3,16,2
13098,1978,12,15,1
13102,1949,4,15,2
13113,1976,11,25,2
13123,1978,2,17,1
13134,1962,11,3,1
13151,1958,12,22,2
13171,1950,6,26,1
13172,1938,10,19,2
13190,1956,11,28,2
13201,1937,5,17,2
13231,1959,7,1,2
13246,1942,1,13,1
13260,1977,5,27,1
13261,1944,8,1,2
13262,1938,2,9,1
13276,1977,1,20,2
13285,1935,12,25,2
13290,1941,6,23,2
13291,1940,11,13,1
13346,1956,4,15,2
13380,1942,9,18,2
13404,1966,9,25,2
13405,1958,8,13,2
13406,1978,4,18,1
13412,1954,3,20,2
13417,1951,11,17,1
13447,1970,5,5,1
13448,1968,7,8,2
13451,1955,11,18,1
13468,1960,10,31,2
13469,1955,12,8,1
13480,1953,6,1,2
13490,1969,5,25,1
13539,1978,9,7,2
13548,1976,3,18,2
13556,1958,7,19,2
13576,1974,7,7,2
13588,1974,1,29,2
13590,1977,8,3,2
13603,1941,7,28,2
13608,1963,5,15,1
13620,1970,7,26,2
13640,1955,6,9,1
13657,1963,5,12,1
13658,1957,4,23,2
13673,1971,2,20,2
13687,1959,5,23,2
13690,1963,5,16,2
13694,1976,1,20,1
13750,1980,11,13,1
13751,1979,7,20,2
13803,1947,11,14,2
13820,1948,7,31,1
13845,1973,2,16,2
13852,1972,1,26,2
13886,1954,4,12,1
13912,1975,11,20,2
13915,1974,11,23,2
13921,1970,12,20,1
13923,1979,2,22,1
13924,1952,9,9,1
13931,1942,1,1,2
13955,1945,10,30,1
13956,1943,4,6,2
13968,1968,4,13,2
13971,1962,10,19,1
13998,1953,8,12,1
